"id","sire","dam","sex","gen","birth"
"LK",NA,NA,"M",0,"2000-03-01"
"LW1",NA,NA,"F",0,"2000-04-08"
"LW2",NA,NA,"F",0,"2000-05-15"
"LA1","LK","LW1","M",1,"2006-06-22"
"LA3","LK","LW1","F",1,"2007-03-01"
"LB1","LK","LW2","F",1,"2006-04-08"
"LB3","LK","LW2","M",1,"2007-05-15"
"LX1",NA,NA,"F",0,"2006-06-22"
"LY1",NA,NA,"M",0,"2006-03-01"
"LA2","LA1","LX1","F",2,"2012-04-08"
"LB2","LY1","LB1","M",2,"2012-05-15"
"LL1","LB2","LA2","F",3,"2018-06-22"
"LL2","LB2","LA2","M",3,"2019-03-01"
"LL3","LB2","LA2","F",3,"2020-04-08"
