"locus","chrom","pos","cM"
"SNP0001","1",1495038,NA
"SNP0002","1",1616452,NA
"SNP0003","1",1751169,NA
"SNP0004","1",2137372,NA
"SNP0005","1",2451097,NA
"SNP0006","1",2585615,NA
"SNP0007","1",2655230,NA
"SNP0008","1",2949075,NA
"SNP0009","1",3008425,NA
"SNP0010","1",3324867,NA
"SNP0011","1",3448742,NA
"SNP0012","1",3581411,NA
"SNP0013","1",3927868,NA
"SNP0014","1",4256055,NA
"SNP0015","1",4371258,NA
"SNP0016","1",4413623,NA
"SNP0017","1",4544300,NA
"SNP0018","1",4787382,NA
"SNP0019","1",5096433,NA
"SNP0020","1",5578900,NA
"SNP0021","1",5715955,NA
"SNP0022","1",5794314,NA
"SNP0023","1",6122462,NA
"SNP0024","1",6332183,NA
"SNP0025","1",6476278,NA
"SNP0026","1",6521753,NA
"SNP0027","1",6857308,NA
"SNP0028","1",7158203,NA
"SNP0029","1",7276641,NA
"SNP0030","1",7354911,NA
"SNP0031","1",7798334,NA
"SNP0032","1",7859201,NA
"SNP0033","1",7897623,NA
"SNP0034","1",8159121,NA
"SNP0035","1",8470097,NA
"SNP0036","1",8728790,NA
"SNP0037","1",9186370,NA
"SNP0038","1",9492633,NA
"SNP0039","1",9815342,NA
"SNP0040","1",10205857,NA
"SNP0041","1",10602976,NA
"SNP0042","1",10813153,NA
"SNP0043","1",10961486,NA
"SNP0044","1",11319520,NA
"SNP0045","1",11742864,NA
"SNP0046","1",11881054,NA
"SNP0047","1",12093413,NA
"SNP0048","1",12205055,NA
"SNP0049","1",12243127,NA
"SNP0050","1",12641716,NA
"SNP0051","2",1348489,NA
"SNP0052","2",1449537,NA
"SNP0053","2",1463655,NA
"SNP0054","2",1799064,NA
"SNP0055","2",2097394,NA
"SNP0056","2",2422995,NA
"SNP0057","2",2641678,NA
"SNP0058","2",2657368,NA
"SNP0059","2",3132335,NA
"SNP0060","2",3393260,NA
"SNP0061","2",3824862,NA
"SNP0062","2",3998976,NA
"SNP0063","2",4483599,NA
"SNP0064","2",4714819,NA
"SNP0065","2",4751405,NA
"SNP0066","2",4995832,NA
"SNP0067","2",5027508,NA
"SNP0068","2",5185249,NA
"SNP0069","2",5485186,NA
"SNP0070","2",5809596,NA
"SNP0071","2",5869243,NA
"SNP0072","2",6235073,NA
"SNP0073","2",6572354,NA
"SNP0074","2",6655079,NA
"SNP0075","2",6754066,NA
"SNP0076","2",7089947,NA
"SNP0077","2",7267741,NA
"SNP0078","2",7610630,NA
"SNP0079","2",7625661,NA
"SNP0080","2",7934945,NA
"SNP0081","2",7990423,NA
"SNP0082","2",8284398,NA
"SNP0083","2",8757309,NA
"SNP0084","2",8812976,NA
"SNP0085","2",9199117,NA
"SNP0086","2",9545542,NA
"SNP0087","2",9951649,NA
"SNP0088","2",9976976,NA
"SNP0089","2",10184311,NA
"SNP0090","2",10311099,NA
"SNP0091","2",10397570,NA
"SNP0092","2",10864737,NA
"SNP0093","2",10970706,NA
"SNP0094","2",11162619,NA
"SNP0095","2",11331971,NA
"SNP0096","2",11709354,NA
"SNP0097","2",11836926,NA
"SNP0098","2",12292628,NA
"SNP0099","2",12516939,NA
"SNP0100","2",12793726,NA
"SNP0101","3",1122829,NA
"SNP0102","3",1492567,NA
"SNP0103","3",1735653,NA
"SNP0104","3",2215974,NA
"SNP0105","3",2304290,NA
"SNP0106","3",2478934,NA
"SNP0107","3",2615442,NA
"SNP0108","3",2916789,NA
"SNP0109","3",3372714,NA
"SNP0110","3",3453355,NA
"SNP0111","3",3652731,NA
"SNP0112","3",3713530,NA
"SNP0113","3",4013751,NA
"SNP0114","3",4268004,NA
"SNP0115","3",4433039,NA
"SNP0116","3",4764383,NA
"SNP0117","3",5109221,NA
"SNP0118","3",5348152,NA
"SNP0119","3",5775544,NA
"SNP0120","3",5938437,NA
"SNP0121","3",6165354,NA
"SNP0122","3",6427080,NA
"SNP0123","3",6790595,NA
"SNP0124","3",7285807,NA
"SNP0125","3",7748788,NA
"SNP0126","3",8048364,NA
"SNP0127","3",8529327,NA
"SNP0128","3",8932629,NA
"SNP0129","3",9317096,NA
"SNP0130","3",9648078,NA
"SNP0131","3",10079159,NA
"SNP0132","3",10256296,NA
"SNP0133","3",10414737,NA
"SNP0134","3",10699432,NA
"SNP0135","3",11188960,NA
"SNP0136","3",11207727,NA
"SNP0137","3",11374022,NA
"SNP0138","3",11695888,NA
"SNP0139","3",11868188,NA
"SNP0140","3",12123116,NA
"SNP0141","3",12241136,NA
"SNP0142","3",12487735,NA
"SNP0143","3",12756982,NA
"SNP0144","3",12876665,NA
"SNP0145","3",13283219,NA
"SNP0146","3",13545231,NA
"SNP0147","3",13668009,NA
"SNP0148","3",13915403,NA
"SNP0149","3",14028451,NA
"SNP0150","3",14474059,NA
"SNP0151","4",1377413,NA
"SNP0152","4",1573252,NA
"SNP0153","4",1773997,NA
"SNP0154","4",1853806,NA
"SNP0155","4",2034673,NA
"SNP0156","4",2375479,NA
"SNP0157","4",2525078,NA
"SNP0158","4",2688763,NA
"SNP0159","4",3148021,NA
"SNP0160","4",3529864,NA
"SNP0161","4",3878764,NA
"SNP0162","4",4226833,NA
"SNP0163","4",4288394,NA
"SNP0164","4",4548162,NA
"SNP0165","4",5021052,NA
"SNP0166","4",5323999,NA
"SNP0167","4",5377205,NA
"SNP0168","4",5565931,NA
"SNP0169","4",5811079,NA
"SNP0170","4",6107423,NA
"SNP0171","4",6220748,NA
"SNP0172","4",6694062,NA
"SNP0173","4",6997411,NA
"SNP0174","4",7188372,NA
"SNP0175","4",7524883,NA
"SNP0176","4",7896717,NA
"SNP0177","4",7925905,NA
"SNP0178","4",8170759,NA
"SNP0179","4",8279045,NA
"SNP0180","4",8653074,NA
"SNP0181","4",8914294,NA
"SNP0182","4",9307723,NA
"SNP0183","4",9803010,NA
"SNP0184","4",9820451,NA
"SNP0185","4",9900289,NA
"SNP0186","4",10089805,NA
"SNP0187","4",10295442,NA
"SNP0188","4",10663319,NA
"SNP0189","4",10887741,NA
"SNP0190","4",11251621,NA
"SNP0191","4",11561059,NA
"SNP0192","4",12003913,NA
"SNP0193","4",12348164,NA
"SNP0194","4",12595737,NA
"SNP0195","4",12921444,NA
"SNP0196","4",13185819,NA
"SNP0197","4",13222915,NA
"SNP0198","4",13720028,NA
"SNP0199","4",13789417,NA
"SNP0200","4",13807052,NA
"SNP0201","5",1455844,NA
"SNP0202","5",1769176,NA
"SNP0203","5",1866493,NA
"SNP0204","5",2122874,NA
"SNP0205","5",2574988,NA
"SNP0206","5",2783712,NA
"SNP0207","5",3060249,NA
"SNP0208","5",3312166,NA
"SNP0209","5",3340447,NA
"SNP0210","5",3765925,NA
"SNP0211","5",4143136,NA
"SNP0212","5",4303162,NA
"SNP0213","5",4654162,NA
"SNP0214","5",4749059,NA
"SNP0215","5",5161930,NA
"SNP0216","5",5654245,NA
"SNP0217","5",5889218,NA
"SNP0218","5",6312526,NA
"SNP0219","5",6783911,NA
"SNP0220","5",6888374,NA
"SNP0221","5",6951451,NA
"SNP0222","5",7212633,NA
"SNP0223","5",7592988,NA
"SNP0224","5",7849623,NA
"SNP0225","5",8201007,NA
"SNP0226","5",8410542,NA
"SNP0227","5",8782791,NA
"SNP0228","5",8934474,NA
"SNP0229","5",9368267,NA
"SNP0230","5",9708189,NA
"SNP0231","5",9814989,NA
"SNP0232","5",10059457,NA
"SNP0233","5",10487030,NA
"SNP0234","5",10558384,NA
"SNP0235","5",11034205,NA
"SNP0236","5",11045948,NA
"SNP0237","5",11378291,NA
"SNP0238","5",11710065,NA
"SNP0239","5",12040301,NA
"SNP0240","5",12082620,NA
"SNP0241","5",12204233,NA
"SNP0242","5",12513291,NA
"SNP0243","5",12698797,NA
"SNP0244","5",13180261,NA
"SNP0245","5",13619857,NA
"SNP0246","5",13803036,NA
"SNP0247","5",14056561,NA
"SNP0248","5",14297931,NA
"SNP0249","5",14647703,NA
"SNP0250","5",14705206,NA
"SNP0251","6",1097885,NA
"SNP0252","6",1165162,NA
"SNP0253","6",1269251,NA
"SNP0254","6",1753029,NA
"SNP0255","6",2089811,NA
"SNP0256","6",2421286,NA
"SNP0257","6",2685806,NA
"SNP0258","6",2957115,NA
"SNP0259","6",3318788,NA
"SNP0260","6",3802071,NA
"SNP0261","6",4083201,NA
"SNP0262","6",4264254,NA
"SNP0263","6",4706918,NA
"SNP0264","6",4832896,NA
"SNP0265","6",4988517,NA
"SNP0266","6",5447136,NA
"SNP0267","6",5465705,NA
"SNP0268","6",5652842,NA
"SNP0269","6",5865378,NA
"SNP0270","6",5941332,NA
"SNP0271","6",6122103,NA
"SNP0272","6",6417789,NA
"SNP0273","6",6605792,NA
"SNP0274","6",6841810,NA
"SNP0275","6",6900484,NA
"SNP0276","6",7341233,NA
"SNP0277","6",7562252,NA
"SNP0278","6",7722697,NA
"SNP0279","6",7829740,NA
"SNP0280","6",7905609,NA
"SNP0281","6",8374013,NA
"SNP0282","6",8518726,NA
"SNP0283","6",8740076,NA
"SNP0284","6",8793979,NA
"SNP0285","6",9017766,NA
"SNP0286","6",9454094,NA
"SNP0287","6",9600186,NA
"SNP0288","6",9935992,NA
"SNP0289","6",10143519,NA
"SNP0290","6",10323244,NA
"SNP0291","6",10349308,NA
"SNP0292","6",10433387,NA
"SNP0293","6",10444561,NA
"SNP0294","6",10740084,NA
"SNP0295","6",11100638,NA
"SNP0296","6",11299230,NA
"SNP0297","6",11549169,NA
"SNP0298","6",11716743,NA
"SNP0299","6",12015122,NA
"SNP0300","6",12325438,NA
"SNP0301","7",1275524,NA
"SNP0302","7",1700536,NA
"SNP0303","7",2121798,NA
"SNP0304","7",2157719,NA
"SNP0305","7",2439436,NA
"SNP0306","7",2738438,NA
"SNP0307","7",2777396,NA
"SNP0308","7",3057503,NA
"SNP0309","7",3182212,NA
"SNP0310","7",3565876,NA
"SNP0311","7",3903452,NA
"SNP0312","7",4074491,NA
"SNP0313","7",4367882,NA
"SNP0314","7",4673041,NA
"SNP0315","7",4940396,NA
"SNP0316","7",5153735,NA
"SNP0317","7",5408881,NA
"SNP0318","7",5511660,NA
"SNP0319","7",5884905,NA
"SNP0320","7",6029404,NA
"SNP0321","7",6408387,NA
"SNP0322","7",6868929,NA
"SNP0323","7",7072184,NA
"SNP0324","7",7462248,NA
"SNP0325","7",7780309,NA
"SNP0326","7",8224153,NA
"SNP0327","7",8717585,NA
"SNP0328","7",8787572,NA
"SNP0329","7",9023928,NA
"SNP0330","7",9295520,NA
"SNP0331","7",9550722,NA
"SNP0332","7",9717022,NA
"SNP0333","7",10182495,NA
"SNP0334","7",10357119,NA
"SNP0335","7",10704920,NA
"SNP0336","7",10773256,NA
"SNP0337","7",11268538,NA
"SNP0338","7",11492095,NA
"SNP0339","7",11711169,NA
"SNP0340","7",11944947,NA
"SNP0341","7",12181867,NA
"SNP0342","7",12365078,NA
"SNP0343","7",12840635,NA
"SNP0344","7",13070125,NA
"SNP0345","7",13557750,NA
"SNP0346","7",13779364,NA
"SNP0347","7",14006834,NA
"SNP0348","7",14065566,NA
"SNP0349","7",14193272,NA
"SNP0350","7",14296037,NA
"SNP0351","8",1198051,NA
"SNP0352","8",1653085,NA
"SNP0353","8",2062420,NA
"SNP0354","8",2437842,NA
"SNP0355","8",2750916,NA
"SNP0356","8",2854291,NA
"SNP0357","8",2888675,NA
"SNP0358","8",2909735,NA
"SNP0359","8",2929335,NA
"SNP0360","8",3261684,NA
"SNP0361","8",3683276,NA
"SNP0362","8",3882418,NA
"SNP0363","8",4380917,NA
"SNP0364","8",4603373,NA
"SNP0365","8",4898052,NA
"SNP0366","8",5006512,NA
"SNP0367","8",5340118,NA
"SNP0368","8",5589901,NA
"SNP0369","8",6013570,NA
"SNP0370","8",6282687,NA
"SNP0371","8",6432539,NA
"SNP0372","8",6536518,NA
"SNP0373","8",6554565,NA
"SNP0374","8",6826654,NA
"SNP0375","8",7044950,NA
"SNP0376","8",7195475,NA
"SNP0377","8",7407088,NA
"SNP0378","8",7723354,NA
"SNP0379","8",7746314,NA
"SNP0380","8",8157679,NA
"SNP0381","8",8644119,NA
"SNP0382","8",8677875,NA
"SNP0383","8",9127378,NA
"SNP0384","8",9351414,NA
"SNP0385","8",9521575,NA
"SNP0386","8",9873067,NA
"SNP0387","8",10031961,NA
"SNP0388","8",10137162,NA
"SNP0389","8",10558136,NA
"SNP0390","8",11040827,NA
"SNP0391","8",11179142,NA
"SNP0392","8",11539487,NA
"SNP0393","8",12009887,NA
"SNP0394","8",12422723,NA
"SNP0395","8",12556708,NA
"SNP0396","8",12986309,NA
"SNP0397","8",13481777,NA
"SNP0398","8",13596882,NA
"SNP0399","8",13727369,NA
"SNP0400","8",13931124,NA
"SNP0401","9",1173586,NA
"SNP0402","9",1383463,NA
"SNP0403","9",1877900,NA
"SNP0404","9",1950485,NA
"SNP0405","9",1999193,NA
"SNP0406","9",2135532,NA
"SNP0407","9",2447219,NA
"SNP0408","9",2712876,NA
"SNP0409","9",3200443,NA
"SNP0410","9",3403975,NA
"SNP0411","9",3706179,NA
"SNP0412","9",4002927,NA
"SNP0413","9",4492704,NA
"SNP0414","9",4967186,NA
"SNP0415","9",5010192,NA
"SNP0416","9",5091276,NA
"SNP0417","9",5583932,NA
"SNP0418","9",5829411,NA
"SNP0419","9",6192086,NA
"SNP0420","9",6269236,NA
"SNP0421","9",6564486,NA
"SNP0422","9",6786744,NA
"SNP0423","9",6959303,NA
"SNP0424","9",7061651,NA
"SNP0425","9",7231540,NA
"SNP0426","9",7488729,NA
"SNP0427","9",7567899,NA
"SNP0428","9",7639497,NA
"SNP0429","9",7978725,NA
"SNP0430","9",8177739,NA
"SNP0431","9",8309661,NA
"SNP0432","9",8392135,NA
"SNP0433","9",8546068,NA
"SNP0434","9",8742809,NA
"SNP0435","9",8961521,NA
"SNP0436","9",9110077,NA
"SNP0437","9",9338621,NA
"SNP0438","9",9785188,NA
"SNP0439","9",10246776,NA
"SNP0440","9",10387421,NA
"SNP0441","9",10684918,NA
"SNP0442","9",10697939,NA
"SNP0443","9",10787140,NA
"SNP0444","9",11123541,NA
"SNP0445","9",11508175,NA
"SNP0446","9",11551756,NA
"SNP0447","9",12003984,NA
"SNP0448","9",12188730,NA
"SNP0449","9",12543310,NA
"SNP0450","9",12613956,NA
"SNP0451","10",1179828,NA
"SNP0452","10",1629040,NA
"SNP0453","10",2042880,NA
"SNP0454","10",2073140,NA
"SNP0455","10",2382874,NA
"SNP0456","10",2666764,NA
"SNP0457","10",2697698,NA
"SNP0458","10",3062769,NA
"SNP0459","10",3121610,NA
"SNP0460","10",3595908,NA
"SNP0461","10",3639848,NA
"SNP0462","10",4134627,NA
"SNP0463","10",4211265,NA
"SNP0464","10",4241545,NA
"SNP0465","10",4697196,NA
"SNP0466","10",4797443,NA
"SNP0467","10",5198202,NA
"SNP0468","10",5474635,NA
"SNP0469","10",5756359,NA
"SNP0470","10",5987905,NA
"SNP0471","10",6455529,NA
"SNP0472","10",6523398,NA
"SNP0473","10",6848358,NA
"SNP0474","10",7148264,NA
"SNP0475","10",7248721,NA
"SNP0476","10",7498698,NA
"SNP0477","10",7673696,NA
"SNP0478","10",7833791,NA
"SNP0479","10",8008916,NA
"SNP0480","10",8244139,NA
"SNP0481","10",8460793,NA
"SNP0482","10",8639706,NA
"SNP0483","10",8999275,NA
"SNP0484","10",9395087,NA
"SNP0485","10",9415964,NA
"SNP0486","10",9897449,NA
"SNP0487","10",10383907,NA
"SNP0488","10",10619668,NA
"SNP0489","10",10937188,NA
"SNP0490","10",11421990,NA
"SNP0491","10",11895575,NA
"SNP0492","10",12380980,NA
"SNP0493","10",12661465,NA
"SNP0494","10",12948117,NA
"SNP0495","10",13368550,NA
"SNP0496","10",13534213,NA
"SNP0497","10",13597786,NA
"SNP0498","10",13616348,NA
"SNP0499","10",14035007,NA
"SNP0500","10",14330360,NA
"SNP0501","11",1381017,NA
"SNP0502","11",1854737,NA
"SNP0503","11",1977459,NA
"SNP0504","11",2283908,NA
"SNP0505","11",2548274,NA
"SNP0506","11",2633878,NA
"SNP0507","11",2771107,NA
"SNP0508","11",3002675,NA
"SNP0509","11",3068847,NA
"SNP0510","11",3254855,NA
"SNP0511","11",3350476,NA
"SNP0512","11",3737442,NA
"SNP0513","11",3957501,NA
"SNP0514","11",4413905,NA
"SNP0515","11",4656835,NA
"SNP0516","11",4848695,NA
"SNP0517","11",5076716,NA
"SNP0518","11",5129919,NA
"SNP0519","11",5562857,NA
"SNP0520","11",5822901,NA
"SNP0521","11",6065511,NA
"SNP0522","11",6420678,NA
"SNP0523","11",6831257,NA
"SNP0524","11",7301357,NA
"SNP0525","11",7734557,NA
"SNP0526","11",8185856,NA
"SNP0527","11",8444546,NA
"SNP0528","11",8480332,NA
"SNP0529","11",8783054,NA
"SNP0530","11",8815196,NA
"SNP0531","11",9061025,NA
"SNP0532","11",9534120,NA
"SNP0533","11",9853962,NA
"SNP0534","11",10325193,NA
"SNP0535","11",10413215,NA
"SNP0536","11",10600105,NA
"SNP0537","11",10858740,NA
"SNP0538","11",11355267,NA
"SNP0539","11",11378329,NA
"SNP0540","11",11425193,NA
"SNP0541","11",11444298,NA
"SNP0542","11",11505664,NA
"SNP0543","11",11590918,NA
"SNP0544","11",12083593,NA
"SNP0545","11",12460977,NA
"SNP0546","11",12912024,NA
"SNP0547","11",13299156,NA
"SNP0548","11",13501643,NA
"SNP0549","11",13899008,NA
"SNP0550","11",14009338,NA
"SNP0551","12",1497657,NA
"SNP0552","12",1886634,NA
"SNP0553","12",1935481,NA
"SNP0554","12",1998212,NA
"SNP0555","12",2063514,NA
"SNP0556","12",2553541,NA
"SNP0557","12",2964008,NA
"SNP0558","12",3259837,NA
"SNP0559","12",3680355,NA
"SNP0560","12",3981908,NA
"SNP0561","12",4416664,NA
"SNP0562","12",4503420,NA
"SNP0563","12",4895244,NA
"SNP0564","12",5373458,NA
"SNP0565","12",5649260,NA
"SNP0566","12",5942182,NA
"SNP0567","12",6398191,NA
"SNP0568","12",6808013,NA
"SNP0569","12",6958030,NA
"SNP0570","12",7396647,NA
"SNP0571","12",7652483,NA
"SNP0572","12",7817780,NA
"SNP0573","12",7908328,NA
"SNP0574","12",8301789,NA
"SNP0575","12",8588243,NA
"SNP0576","12",8768443,NA
"SNP0577","12",9014311,NA
"SNP0578","12",9491799,NA
"SNP0579","12",9563274,NA
"SNP0580","12",9669091,NA
"SNP0581","12",9966706,NA
"SNP0582","12",9995952,NA
"SNP0583","12",10041391,NA
"SNP0584","12",10293140,NA
"SNP0585","12",10361604,NA
"SNP0586","12",10599672,NA
"SNP0587","12",10885727,NA
"SNP0588","12",11365345,NA
"SNP0589","12",11506123,NA
"SNP0590","12",11941941,NA
"SNP0591","12",12277906,NA
"SNP0592","12",12640190,NA
"SNP0593","12",13072020,NA
"SNP0594","12",13484652,NA
"SNP0595","12",13513988,NA
"SNP0596","12",13936476,NA
"SNP0597","12",14176664,NA
"SNP0598","12",14412149,NA
"SNP0599","12",14881077,NA
"SNP0600","12",15109857,NA
"SNP0601","13",1027843,NA
"SNP0602","13",1139417,NA
"SNP0603","13",1370801,NA
"SNP0604","13",1675083,NA
"SNP0605","13",1718242,NA
"SNP0606","13",2198496,NA
"SNP0607","13",2651118,NA
"SNP0608","13",2766707,NA
"SNP0609","13",2990750,NA
"SNP0610","13",3382262,NA
"SNP0611","13",3611330,NA
"SNP0612","13",3810381,NA
"SNP0613","13",4044802,NA
"SNP0614","13",4096180,NA
"SNP0615","13",4496013,NA
"SNP0616","13",4773296,NA
"SNP0617","13",5099744,NA
"SNP0618","13",5317561,NA
"SNP0619","13",5800263,NA
"SNP0620","13",6056910,NA
"SNP0621","13",6437307,NA
"SNP0622","13",6602528,NA
"SNP0623","13",6678783,NA
"SNP0624","13",6769396,NA
"SNP0625","13",7237136,NA
"SNP0626","13",7296356,NA
"SNP0627","13",7330163,NA
"SNP0628","13",7668681,NA
"SNP0629","13",8107961,NA
"SNP0630","13",8503410,NA
"SNP0631","13",8906275,NA
"SNP0632","13",9359681,NA
"SNP0633","13",9655983,NA
"SNP0634","13",9904241,NA
"SNP0635","13",9924225,NA
"SNP0636","13",10303852,NA
"SNP0637","13",10334687,NA
"SNP0638","13",10498811,NA
"SNP0639","13",10969799,NA
"SNP0640","13",11189266,NA
"SNP0641","13",11438824,NA
"SNP0642","13",11620688,NA
"SNP0643","13",11672753,NA
"SNP0644","13",11746338,NA
"SNP0645","13",11836575,NA
"SNP0646","13",12164482,NA
"SNP0647","13",12528646,NA
"SNP0648","13",12569079,NA
"SNP0649","13",12621796,NA
"SNP0650","13",12768848,NA
"SNP0651","14",1389853,NA
"SNP0652","14",1408339,NA
"SNP0653","14",1793339,NA
"SNP0654","14",1944895,NA
"SNP0655","14",2315943,NA
"SNP0656","14",2674501,NA
"SNP0657","14",2891183,NA
"SNP0658","14",3090803,NA
"SNP0659","14",3551221,NA
"SNP0660","14",3783891,NA
"SNP0661","14",4026163,NA
"SNP0662","14",4265693,NA
"SNP0663","14",4758330,NA
"SNP0664","14",5077602,NA
"SNP0665","14",5529356,NA
"SNP0666","14",5972747,NA
"SNP0667","14",6080275,NA
"SNP0668","14",6266385,NA
"SNP0669","14",6401520,NA
"SNP0670","14",6588212,NA
"SNP0671","14",6712960,NA
"SNP0672","14",6742701,NA
"SNP0673","14",7076056,NA
"SNP0674","14",7572976,NA
"SNP0675","14",8058759,NA
"SNP0676","14",8458648,NA
"SNP0677","14",8588836,NA
"SNP0678","14",8895089,NA
"SNP0679","14",9098270,NA
"SNP0680","14",9297196,NA
"SNP0681","14",9698105,NA
"SNP0682","14",10195936,NA
"SNP0683","14",10303220,NA
"SNP0684","14",10453204,NA
"SNP0685","14",10838083,NA
"SNP0686","14",11305591,NA
"SNP0687","14",11504371,NA
"SNP0688","14",11908269,NA
"SNP0689","14",12067422,NA
"SNP0690","14",12516031,NA
"SNP0691","14",12814859,NA
"SNP0692","14",12933365,NA
"SNP0693","14",13261139,NA
"SNP0694","14",13709595,NA
"SNP0695","14",14082254,NA
"SNP0696","14",14438662,NA
"SNP0697","14",14627609,NA
"SNP0698","14",14761683,NA
"SNP0699","14",15120390,NA
"SNP0700","14",15534558,NA
"SNP0701","15",1327291,NA
"SNP0702","15",1656705,NA
"SNP0703","15",2089903,NA
"SNP0704","15",2100765,NA
"SNP0705","15",2256093,NA
"SNP0706","15",2279862,NA
"SNP0707","15",2746891,NA
"SNP0708","15",3105593,NA
"SNP0709","15",3136325,NA
"SNP0710","15",3465843,NA
"SNP0711","15",3861123,NA
"SNP0712","15",4005681,NA
"SNP0713","15",4488598,NA
"SNP0714","15",4824726,NA
"SNP0715","15",5272312,NA
"SNP0716","15",5288340,NA
"SNP0717","15",5768377,NA
"SNP0718","15",5792716,NA
"SNP0719","15",6003677,NA
"SNP0720","15",6286781,NA
"SNP0721","15",6488093,NA
"SNP0722","15",6838327,NA
"SNP0723","15",6928021,NA
"SNP0724","15",7058969,NA
"SNP0725","15",7354696,NA
"SNP0726","15",7801614,NA
"SNP0727","15",8018436,NA
"SNP0728","15",8470595,NA
"SNP0729","15",8839688,NA
"SNP0730","15",9129199,NA
"SNP0731","15",9388298,NA
"SNP0732","15",9493508,NA
"SNP0733","15",9888206,NA
"SNP0734","15",10246555,NA
"SNP0735","15",10517229,NA
"SNP0736","15",10832701,NA
"SNP0737","15",11120183,NA
"SNP0738","15",11447841,NA
"SNP0739","15",11531720,NA
"SNP0740","15",11927376,NA
"SNP0741","15",12246854,NA
"SNP0742","15",12657487,NA
"SNP0743","15",13084440,NA
"SNP0744","15",13418319,NA
"SNP0745","15",13470616,NA
"SNP0746","15",13578462,NA
"SNP0747","15",14006753,NA
"SNP0748","15",14301393,NA
"SNP0749","15",14650559,NA
"SNP0750","15",14920335,NA
"SNP0751","16",1490832,NA
"SNP0752","16",1955342,NA
"SNP0753","16",2199433,NA
"SNP0754","16",2261713,NA
"SNP0755","16",2616760,NA
"SNP0756","16",2954345,NA
"SNP0757","16",3326989,NA
"SNP0758","16",3720044,NA
"SNP0759","16",3999415,NA
"SNP0760","16",4435380,NA
"SNP0761","16",4588585,NA
"SNP0762","16",4695911,NA
"SNP0763","16",5190995,NA
"SNP0764","16",5213247,NA
"SNP0765","16",5552709,NA
"SNP0766","16",5584902,NA
"SNP0767","16",5850664,NA
"SNP0768","16",6232115,NA
"SNP0769","16",6402204,NA
"SNP0770","16",6740266,NA
"SNP0771","16",6872066,NA
"SNP0772","16",7089753,NA
"SNP0773","16",7517503,NA
"SNP0774","16",7677634,NA
"SNP0775","16",7798054,NA
"SNP0776","16",8099540,NA
"SNP0777","16",8411292,NA
"SNP0778","16",8642793,NA
"SNP0779","16",8654144,NA
"SNP0780","16",8883342,NA
"SNP0781","16",9009878,NA
"SNP0782","16",9138351,NA
"SNP0783","16",9222769,NA
"SNP0784","16",9590782,NA
"SNP0785","16",9946222,NA
"SNP0786","16",9992336,NA
"SNP0787","16",10244247,NA
"SNP0788","16",10272773,NA
"SNP0789","16",10589809,NA
"SNP0790","16",10895169,NA
"SNP0791","16",11110762,NA
"SNP0792","16",11473811,NA
"SNP0793","16",11737735,NA
"SNP0794","16",12061441,NA
"SNP0795","16",12351057,NA
"SNP0796","16",12763343,NA
"SNP0797","16",12891117,NA
"SNP0798","16",12977611,NA
"SNP0799","16",13235353,NA
"SNP0800","16",13597085,NA
"SNP0801","17",1068176,NA
"SNP0802","17",1149877,NA
"SNP0803","17",1482108,NA
"SNP0804","17",1808514,NA
"SNP0805","17",2110203,NA
"SNP0806","17",2427352,NA
"SNP0807","17",2503146,NA
"SNP0808","17",2882844,NA
"SNP0809","17",3366047,NA
"SNP0810","17",3433968,NA
"SNP0811","17",3884325,NA
"SNP0812","17",4244818,NA
"SNP0813","17",4576777,NA
"SNP0814","17",4894852,NA
"SNP0815","17",5322534,NA
"SNP0816","17",5482559,NA
"SNP0817","17",5755701,NA
"SNP0818","17",6247471,NA
"SNP0819","17",6546692,NA
"SNP0820","17",6983837,NA
"SNP0821","17",7052402,NA
"SNP0822","17",7264809,NA
"SNP0823","17",7355781,NA
"SNP0824","17",7571780,NA
"SNP0825","17",7828962,NA
"SNP0826","17",7966097,NA
"SNP0827","17",8343614,NA
"SNP0828","17",8829604,NA
"SNP0829","17",9124416,NA
"SNP0830","17",9365843,NA
"SNP0831","17",9845198,NA
"SNP0832","17",10143446,NA
"SNP0833","17",10495327,NA
"SNP0834","17",10706381,NA
"SNP0835","17",11200749,NA
"SNP0836","17",11538699,NA
"SNP0837","17",11820588,NA
"SNP0838","17",12093124,NA
"SNP0839","17",12432689,NA
"SNP0840","17",12692528,NA
"SNP0841","17",12886523,NA
"SNP0842","17",13322980,NA
"SNP0843","17",13355658,NA
"SNP0844","17",13706716,NA
"SNP0845","17",14111464,NA
"SNP0846","17",14586120,NA
"SNP0847","17",14717390,NA
"SNP0848","17",14948080,NA
"SNP0849","17",15342852,NA
"SNP0850","17",15718152,NA
"SNP0851","18",1402826,NA
"SNP0852","18",1781559,NA
"SNP0853","18",1984285,NA
"SNP0854","18",2170314,NA
"SNP0855","18",2308817,NA
"SNP0856","18",2625105,NA
"SNP0857","18",2740362,NA
"SNP0858","18",2950287,NA
"SNP0859","18",3319373,NA
"SNP0860","18",3537425,NA
"SNP0861","18",3593633,NA
"SNP0862","18",3718704,NA
"SNP0863","18",4028368,NA
"SNP0864","18",4230395,NA
"SNP0865","18",4589381,NA
"SNP0866","18",4768193,NA
"SNP0867","18",4778759,NA
"SNP0868","18",5258197,NA
"SNP0869","18",5464227,NA
"SNP0870","18",5523328,NA
"SNP0871","18",5794275,NA
"SNP0872","18",6257226,NA
"SNP0873","18",6627306,NA
"SNP0874","18",7001063,NA
"SNP0875","18",7452011,NA
"SNP0876","18",7723477,NA
"SNP0877","18",7926516,NA
"SNP0878","18",8248032,NA
"SNP0879","18",8454511,NA
"SNP0880","18",8535210,NA
"SNP0881","18",8717417,NA
"SNP0882","18",8730548,NA
"SNP0883","18",8823823,NA
"SNP0884","18",9311945,NA
"SNP0885","18",9725333,NA
"SNP0886","18",10014138,NA
"SNP0887","18",10161264,NA
"SNP0888","18",10470737,NA
"SNP0889","18",10679524,NA
"SNP0890","18",11069647,NA
"SNP0891","18",11342815,NA
"SNP0892","18",11831765,NA
"SNP0893","18",12012575,NA
"SNP0894","18",12239241,NA
"SNP0895","18",12449265,NA
"SNP0896","18",12600491,NA
"SNP0897","18",12844444,NA
"SNP0898","18",12962844,NA
"SNP0899","18",13143866,NA
"SNP0900","18",13242028,NA
"SNP0901","19",1219541,NA
"SNP0902","19",1366327,NA
"SNP0903","19",1688034,NA
"SNP0904","19",1877275,NA
"SNP0905","19",2261565,NA
"SNP0906","19",2339362,NA
"SNP0907","19",2579617,NA
"SNP0908","19",2786117,NA
"SNP0909","19",2968097,NA
"SNP0910","19",3455289,NA
"SNP0911","19",3593416,NA
"SNP0912","19",3621733,NA
"SNP0913","19",3859791,NA
"SNP0914","19",3957042,NA
"SNP0915","19",4098069,NA
"SNP0916","19",4168918,NA
"SNP0917","19",4224930,NA
"SNP0918","19",4235439,NA
"SNP0919","19",4732425,NA
"SNP0920","19",5194568,NA
"SNP0921","19",5219563,NA
"SNP0922","19",5573022,NA
"SNP0923","19",5818999,NA
"SNP0924","19",5993945,NA
"SNP0925","19",6075638,NA
"SNP0926","19",6570647,NA
"SNP0927","19",6900312,NA
"SNP0928","19",6991645,NA
"SNP0929","19",7418061,NA
"SNP0930","19",7514049,NA
"SNP0931","19",7871049,NA
"SNP0932","19",7884137,NA
"SNP0933","19",8077190,NA
"SNP0934","19",8196441,NA
"SNP0935","19",8617596,NA
"SNP0936","19",9100579,NA
"SNP0937","19",9213296,NA
"SNP0938","19",9436021,NA
"SNP0939","19",9451668,NA
"SNP0940","19",9847559,NA
"SNP0941","19",10223907,NA
"SNP0942","19",10360069,NA
"SNP0943","19",10382020,NA
"SNP0944","19",10691427,NA
"SNP0945","19",10844002,NA
"SNP0946","19",11112717,NA
"SNP0947","19",11265940,NA
"SNP0948","19",11547745,NA
"SNP0949","19",11997081,NA
"SNP0950","19",12418302,NA
"SNP0951","20",1117455,NA
"SNP0952","20",1140243,NA
"SNP0953","20",1192327,NA
"SNP0954","20",1236571,NA
"SNP0955","20",1345305,NA
"SNP0956","20",1709354,NA
"SNP0957","20",1802904,NA
"SNP0958","20",2183399,NA
"SNP0959","20",2291167,NA
"SNP0960","20",2754840,NA
"SNP0961","20",2915197,NA
"SNP0962","20",3168650,NA
"SNP0963","20",3270518,NA
"SNP0964","20",3657026,NA
"SNP0965","20",4128763,NA
"SNP0966","20",4588000,NA
"SNP0967","20",5016135,NA
"SNP0968","20",5327053,NA
"SNP0969","20",5575871,NA
"SNP0970","20",5609458,NA
"SNP0971","20",5743344,NA
"SNP0972","20",5767410,NA
"SNP0973","20",6262978,NA
"SNP0974","20",6336990,NA
"SNP0975","20",6517028,NA
"SNP0976","20",6691970,NA
"SNP0977","20",6715899,NA
"SNP0978","20",7092863,NA
"SNP0979","20",7591429,NA
"SNP0980","20",7736110,NA
"SNP0981","20",8125131,NA
"SNP0982","20",8224395,NA
"SNP0983","20",8420574,NA
"SNP0984","20",8800985,NA
"SNP0985","20",9018315,NA
"SNP0986","20",9322934,NA
"SNP0987","20",9708990,NA
"SNP0988","20",9922482,NA
"SNP0989","20",10300850,NA
"SNP0990","20",10637751,NA
"SNP0991","20",10899247,NA
"SNP0992","20",10971861,NA
"SNP0993","20",11146734,NA
"SNP0994","20",11287521,NA
"SNP0995","20",11695339,NA
"SNP0996","20",12005595,NA
"SNP0997","20",12314651,NA
"SNP0998","20",12807657,NA
"SNP0999","20",13217002,NA
"SNP1000","20",13580581,NA
