"id","locus","allele1","allele2"
"A01","STR01","146","142"
"A02","STR01","142","142"
"A03","STR01","142","142"
"A04","STR01","142","146"
"A05","STR01","146","142"
"A06","STR01","142","146"
"A07","STR01","142","142"
"A08","STR01","142","146"
"A09","STR01","142","142"
"A10","STR01","142","142"
"A01","STR02","120","120"
"A02","STR02","128","128"
"A03","STR02","128","120"
"A04","STR02","124","128"
"A05","STR02","124","128"
"A06","STR02","120","120"
"A07","STR02","128","124"
"A08","STR02","128","120"
"A09","STR02","120","120"
"A10","STR02","120","128"
"A01","STR03","204","208"
"A02","STR03","208","212"
"A03","STR03","212","212"
"A04","STR03","200","212"
"A05","STR03","204","208"
"A06","STR03","208","212"
"A07","STR03","200","204"
"A08","STR03","212","200"
"A09","STR03","208","204"
"A10","STR03","208","212"
"A01","STR04","162","162"
"A02","STR04","158","162"
"A03","STR04","158","162"
"A04","STR04","158","162"
"A05","STR04","162","158"
"A06","STR04","162","162"
"A07","STR04","158","162"
"A08","STR04","162","158"
"A09","STR04","158","162"
"A10","STR04","158","162"
"A01","STR05","184","184"
"A02","STR05","176","180"
"A03","STR05","180","184"
"A04","STR05","184","176"
"A05","STR05","180","176"
"A06","STR05","180","184"
"A07","STR05","176","176"
"A08","STR05","176","184"
"A09","STR05","176","184"
"A10","STR05","180","184"
"A01","STR06","140","144"
"A02","STR06","140","144"
"A03","STR06","140","140"
"A04","STR06","140","140"
"A05","STR06","144","140"
"A06","STR06","144","144"
"A07","STR06","140","140"
"A08","STR06","144","140"
"A09","STR06","144","144"
"A10","STR06","144","144"
"A01","STR07","224","220"
"A02","STR07","232","232"
"A03","STR07","236","232"
"A04","STR07","220","236"
"A05","STR07","224","224"
"A06","STR07","236","228"
"A07","STR07","224","220"
"A08","STR07","236","228"
"A09","STR07","228","236"
"A10","STR07","220","232"
"A01","STR08","110","114"
"A02","STR08","110","114"
"A03","STR08","110","110"
"A04","STR08","114","114"
"A05","STR08","114","110"
"A06","STR08","114","114"
"A07","STR08","114","114"
"A08","STR08","114","114"
"A09","STR08","110","110"
"A10","STR08","110","110"
"A01","STR09","190","190"
"A02","STR09","190","190"
"A03","STR09","190","190"
"A04","STR09","194","194"
"A05","STR09","194","194"
"A06","STR09","194","190"
"A07","STR09","194","194"
"A08","STR09","190","190"
"A09","STR09","190","194"
"A10","STR09","190","190"
"A01","STR10","166","166"
"A02","STR10","170","166"
"A03","STR10","166","170"
"A04","STR10","174","166"
"A05","STR10","166","174"
"A06","STR10","170","174"
"A07","STR10","166","166"
"A08","STR10","166","166"
"A09","STR10","166","170"
"A10","STR10","174","166"
"A01","STR11","130","130"
"A02","STR11","130","134"
"A03","STR11","130","130"
"A04","STR11","130","134"
"A05","STR11","130","134"
"A06","STR11","134","134"
"A07","STR11","134","130"
"A08","STR11","134","134"
"A09","STR11","130","134"
"A10","STR11","134","130"
"A01","STR12","154","158"
"A02","STR12","150","158"
"A03","STR12","150","150"
"A04","STR12","158","150"
"A05","STR12","158","150"
"A06","STR12","154","154"
"A07","STR12","158","154"
"A08","STR12","150","154"
"A09","STR12","150","150"
"A10","STR12","158","154"
