"id","sire","dam","sex","gen","birth","exit","age","affected"
"BRI2MW",NA,NA,"F",0,"1998-12-06",NA,20.7,FALSE
"677E7M",NA,NA,"F",0,"1998-07-24",NA,21.1,TRUE
"ZZ646X",NA,NA,"F",0,"1997-12-08",NA,21.7,FALSE
"FEEN9W",NA,NA,"M",0,"1997-12-23",NA,21.7,FALSE
"83U0EX",NA,NA,"M",0,NA,NA,NA,FALSE
"6VUC6R",NA,NA,"F",0,NA,NA,NA,FALSE
"FD3BB6",NA,NA,"M",0,NA,NA,NA,FALSE
"GQUCRY",NA,NA,"F",0,NA,NA,NA,FALSE
"WS6D1B",NA,NA,"M",0,NA,NA,NA,TRUE
"1BYXWJ",NA,NA,"M",0,NA,NA,NA,TRUE
"N2C1PW",NA,NA,"F",0,NA,NA,NA,FALSE
"PH0IXL",NA,NA,"F",0,NA,NA,NA,TRUE
"8WG9U2",NA,NA,"F",0,NA,NA,NA,TRUE
"PLT00S",NA,NA,"F",0,NA,NA,NA,FALSE
"BCH8AH",NA,NA,"M",0,NA,NA,NA,FALSE
"ZLS786",NA,NA,"F",0,NA,NA,NA,FALSE
"HJ555Y",NA,NA,"F",0,NA,NA,NA,FALSE
"CMJQGU",NA,NA,"M",0,NA,NA,NA,FALSE
"9R28KQ",NA,NA,"F",0,NA,NA,NA,FALSE
"GYQNV5",NA,NA,"F",0,"1982-04-21",NA,37.3,FALSE
"MND3AC",NA,NA,"F",0,"1982-11-29",NA,36.7,NA
"RXPJPP",NA,NA,"F",0,"1982-04-28",NA,37.3,TRUE
"HDJ52R",NA,NA,"F",0,"1982-01-10",NA,37.6,TRUE
"7KWRZK",NA,NA,"F",0,"1980-03-26",NA,39.4,TRUE
"SQ908D",NA,NA,"F",0,"1980-03-19",NA,39.4,FALSE
"P87V3K",NA,NA,"F",0,"1981-04-24",NA,38.3,TRUE
"C3IFT0",NA,NA,"F",0,"1980-02-23",NA,39.5,TRUE
"RKBTHH",NA,NA,"F",0,"1982-06-02",NA,37.2,FALSE
"EZ97J5",NA,NA,"F",0,NA,NA,NA,FALSE
"9A1LWF",NA,NA,"F",0,"1982-12-12",NA,36.7,NA
"Y7IUMX",NA,NA,"F",0,NA,NA,NA,TRUE
"BZ8K78",NA,NA,"M",0,NA,NA,NA,FALSE
"4WWCPB",NA,NA,"F",0,"1982-07-21",NA,37.1,FALSE
"Q8MRCZ",NA,NA,"F",0,NA,NA,NA,FALSE
"8DKELJ",NA,NA,"F",0,NA,NA,NA,TRUE
"LVS6QV",NA,NA,"F",0,"1982-06-19",NA,37.2,TRUE
"8P17E3",NA,NA,"F",0,"1982-06-12",NA,37.2,FALSE
"8933XB",NA,NA,"M",0,NA,NA,NA,FALSE
"IYYFP6",NA,NA,"F",0,NA,NA,NA,FALSE
"G8EBU9",NA,NA,"F",0,"1982-06-19",NA,37.2,FALSE
"C1BAND",NA,NA,"F",0,NA,NA,NA,FALSE
"E2D59U",NA,NA,"F",0,"1982-04-30",NA,37.3,TRUE
"LVP52A",NA,NA,"F",0,NA,NA,NA,TRUE
"KWKJXQ",NA,NA,"F",0,"1982-06-05",NA,37.2,FALSE
"CEA455",NA,NA,"F",0,"1982-06-29",NA,37.2,FALSE
"8THU85",NA,NA,"F",0,"1982-07-11",NA,37.1,FALSE
"1ZERVB",NA,NA,"F",0,NA,NA,NA,FALSE
"MTSHHY",NA,NA,"F",0,NA,NA,NA,FALSE
"4EEKV7",NA,NA,"F",0,NA,NA,NA,FALSE
"9C6NW8",NA,NA,"M",0,NA,NA,NA,TRUE
"HA7MFD",NA,NA,"F",0,NA,NA,NA,FALSE
"QL6GH4",NA,NA,"M",0,NA,NA,NA,FALSE
"RF8KMZ",NA,NA,"M",0,NA,NA,NA,TRUE
"B2U6J7",NA,NA,"M",0,NA,NA,NA,FALSE
"WUPTU8",NA,NA,"F",0,NA,NA,NA,FALSE
"BM40IX",NA,NA,"M",0,NA,NA,NA,NA
"PQX22G",NA,NA,"M",0,NA,NA,NA,TRUE
"A3A34I",NA,NA,"F",0,NA,NA,NA,FALSE
"WDUGSA",NA,NA,"F",0,"1988-02-15",NA,31.5,FALSE
"S0022Z",NA,NA,"F",0,"1988-05-26",NA,31.2,FALSE
"DPUHBA",NA,NA,"F",0,NA,NA,NA,NA
"L2I39Y",NA,NA,"F",0,NA,NA,NA,TRUE
"Y1XZEW",NA,NA,"M",0,NA,NA,NA,TRUE
"NPYENA",NA,NA,"M",0,NA,NA,NA,TRUE
"KXU1ZH",NA,NA,"M",0,NA,NA,NA,NA
"KCBMY9",NA,NA,"M",0,NA,NA,NA,FALSE
"0FKJ81",NA,NA,"F",0,NA,NA,NA,TRUE
"KK1QYR",NA,NA,"M",0,NA,NA,NA,FALSE
"5A6DFT",NA,NA,"M",0,NA,NA,NA,FALSE
"HKTQ40",NA,NA,"M",0,"1989-06-10",NA,30.2,FALSE
"I8ABQE",NA,NA,"F",0,NA,NA,NA,FALSE
"6S4HCB",NA,NA,"M",0,NA,NA,NA,FALSE
"5GQC24",NA,NA,"M",0,NA,NA,NA,FALSE
"YAV1NW",NA,NA,"M",0,NA,NA,NA,TRUE
"TTE0Z7",NA,NA,"M",0,NA,NA,NA,NA
"BD7MNF",NA,NA,"F",0,NA,NA,NA,FALSE
"FG9RYY",NA,NA,"F",0,NA,NA,NA,TRUE
"D8FYZV",NA,NA,"M",0,NA,NA,NA,FALSE
"BJ4J7G",NA,NA,"F",0,NA,NA,NA,FALSE
"C2YD43",NA,NA,"F",0,"1978-02-17",NA,41.5,NA
"JB7EW2",NA,NA,"F",0,"1978-05-18",NA,41.3,FALSE
"AE08C8",NA,NA,"F",0,NA,NA,NA,TRUE
"IX0KKP",NA,NA,"F",0,"1982-04-27",NA,37.3,TRUE
"YCVRXE",NA,NA,"F",0,"1980-04-30",NA,39.3,FALSE
"MY1AEU",NA,NA,"M",0,"1978-06-21",NA,41.2,TRUE
"ZK6NM2",NA,NA,"F",0,NA,NA,NA,FALSE
"DLZL49",NA,NA,"F",0,"1979-02-10",NA,40.5,FALSE
"IP1TGT",NA,NA,"F",0,NA,NA,NA,TRUE
"97Y192",NA,NA,"F",0,NA,NA,NA,FALSE
"TUILLQ",NA,NA,"F",0,"1978-03-11",NA,41.5,FALSE
"CBLNYE",NA,NA,"F",0,"1979-06-30",NA,40.2,TRUE
"B948B1",NA,NA,"F",0,NA,NA,NA,FALSE
"QWUKUY",NA,NA,"M",0,"1978-04-29",NA,41.3,FALSE
"1X40V5",NA,NA,"M",0,"1978-04-15",NA,41.4,TRUE
"WDBGPF",NA,NA,"M",0,"1978-05-04",NA,41.3,FALSE
"C3V2V6",NA,NA,"F",0,"1979-08-01",NA,40.1,TRUE
"C6E1D9",NA,NA,"M",0,NA,NA,NA,FALSE
"ESZ6I3",NA,NA,"F",0,"1979-09-30",NA,39.9,TRUE
"31UG06",NA,NA,"F",0,NA,NA,NA,TRUE
"RJHF0G",NA,NA,"M",0,NA,NA,NA,TRUE
"8ZK9LV",NA,NA,"F",0,NA,NA,NA,FALSE
"X20HK8",NA,NA,"F",0,"1978-04-06",NA,41.4,NA
"3XP1ZD",NA,NA,"M",0,NA,NA,NA,FALSE
"61ZSF7",NA,NA,"F",0,NA,NA,NA,TRUE
"28XSME",NA,NA,"M",0,NA,NA,NA,FALSE
"7NBKWE",NA,NA,"M",0,NA,NA,NA,TRUE
"XEE9GT",NA,NA,"M",0,NA,NA,NA,FALSE
"RD3WB2",NA,NA,"M",0,NA,NA,NA,FALSE
"L31S6S",NA,NA,"M",0,NA,NA,NA,FALSE
"7U5H8G",NA,NA,"F",0,NA,NA,NA,FALSE
"HCY8QM",NA,NA,"F",0,NA,NA,NA,FALSE
"LWV138",NA,NA,"F",0,NA,NA,NA,FALSE
"R3BBV1",NA,NA,"F",0,NA,NA,NA,TRUE
"U5VLXP",NA,NA,"M",0,NA,NA,NA,FALSE
"UXVHSF",NA,NA,"M",0,NA,NA,NA,TRUE
"UKJFYA",NA,NA,"M",0,NA,NA,NA,TRUE
"UWJKEQ",NA,NA,"M",0,NA,NA,NA,TRUE
"UYZ1DD",NA,NA,"M",0,NA,NA,NA,FALSE
"UCXEK5",NA,NA,"M",0,NA,NA,NA,FALSE
"UUNQ4J",NA,NA,"M",0,NA,NA,NA,FALSE
"ULQFEZ",NA,NA,"M",0,NA,NA,NA,FALSE
"UTU9S7",NA,NA,"M",0,NA,NA,NA,FALSE
"UZCIN5",NA,NA,"M",0,NA,NA,NA,NA
"UZJGCD",NA,NA,"F",0,NA,NA,NA,FALSE
"EBG407","U5VLXP","PH0IXL","M",1,"1998-01-24",NA,21.6,NA
"EE4BJC","UXVHSF","8WG9U2","M",1,"1998-01-08",NA,21.6,FALSE
"L5KNS5","UKJFYA","PLT00S","M",1,"1998-01-03",NA,21.6,FALSE
"AU22BC","UWJKEQ","GQUCRY","F",1,"1985-10-08",NA,33.9,TRUE
"G2DMVF","83U0EX","6VUC6R","F",1,"1988-08-28",NA,31,FALSE
"HR70BU","WS6D1B","N2C1PW","F",1,"1991-09-03",NA,28,FALSE
"BNHC69","FEEN9W","ZZ646X","M",1,"2011-06-08",NA,8.2,FALSE
"KS2ZNP","BZ8K78","C1BAND","F",1,"1999-06-04",NA,20.2,FALSE
"7JQ09V","WDBGPF","IP1TGT","F",1,"1985-04-24",NA,34.3,FALSE
"6MGJYG","L31S6S","KWKJXQ","M",1,"1987-03-28",NA,32.4,FALSE
"8PHUQL","UYZ1DD","IP1TGT","F",1,"1983-04-11",NA,36.4,FALSE
"8LWCAD","5A6DFT","HCY8QM","M",1,"1979-03-31",NA,40.4,NA
"XH80WV","QWUKUY","C2YD43","F",1,"1990-04-25",NA,29.3,FALSE
"SLN0TF","UCXEK5","C3IFT0","M",1,"1985-04-16",NA,34.4,FALSE
"Q7F87W","1X40V5","CBLNYE","M",1,"1986-04-04",NA,33.4,FALSE
"BYWXJB","WDBGPF","IX0KKP","F",1,"1984-05-19",NA,35.3,FALSE
"SH0L6S","L31S6S","GYQNV5","F",1,"1987-06-02",NA,32.2,FALSE
"1SIP4V","7NBKWE","RXPJPP","F",1,"1990-05-25",NA,29.3,TRUE
"EQNDAY","3XP1ZD","9A1LWF","F",1,"1992-04-18",NA,27.4,FALSE
"IQLWH8","QWUKUY","E2D59U","M",1,"1991-04-26",NA,28.3,FALSE
"JR9GXD","1X40V5","CBLNYE","F",1,"1984-06-19",NA,35.2,FALSE
"0GDSV0","UUNQ4J","ZLS786","F",1,"1979-05-11",NA,40.3,TRUE
"M0YNUR","PQX22G","8ZK9LV","M",1,"1977-04-14",NA,42.4,FALSE
"37FSQA","ULQFEZ","TUILLQ","F",1,"1983-05-24",NA,36.3,FALSE
"R4V1JU","7NBKWE","LVP52A","F",1,"1982-07-07",NA,37.1,NA
"N2JRUE","7NBKWE","R3BBV1","F",1,"1983-07-06",NA,36.1,FALSE
"5JGJDV","28XSME","LWV138","F",1,"1978-05-03",NA,41.3,FALSE
"RYP77M","L31S6S","A3A34I","M",1,"1983-06-09",NA,36.2,FALSE
"P2VQJR","BM40IX","MTSHHY","F",1,"1973-03-29",NA,46.4,FALSE
"3CLMPL","C6E1D9","8DKELJ","F",1,"1983-06-22",NA,36.2,FALSE
"8LKBV9","5A6DFT","8DKELJ","M",1,"1981-08-17",NA,38,TRUE
"GTKL5Z","5GQC24","BJ4J7G","F",1,"1980-05-22",NA,39.3,FALSE
"SNHNX6","NPYENA","L2I39Y","F",1,"1983-08-03",NA,36.1,FALSE
"IM1B5T","KXU1ZH","FG9RYY","F",1,"1985-09-15",NA,33.9,NA
"D0Z114","PQX22G","DPUHBA","M",1,"1977-06-30",NA,42.2,FALSE
"1W4GNT","PQX22G","B948B1","M",1,"1977-06-26",NA,42.2,TRUE
"5LDNWE","WDBGPF","RKBTHH","F",1,"1992-05-18",NA,27.3,NA
"L81S8M","BZ8K78","IYYFP6","F",1,"2000-06-19",NA,19.2,FALSE
"D1WP48","5A6DFT","I8ABQE","M",1,"1978-07-06",NA,41.1,TRUE
"D472PY","5GQC24","BJ4J7G","F",1,"1979-08-01",NA,40.1,FALSE
"BH6ZQK","MY1AEU","HDJ52R","F",1,"1992-07-24",NA,27.1,FALSE
"R0VAQP","QWUKUY","G8EBU9","F",1,"1992-07-14",NA,27.1,FALSE
"DU300Q","1X40V5","C3V2V6","F",1,"1985-12-04",NA,33.7,NA
"P4KR40","MY1AEU","LVS6QV","F",1,"1991-07-14",NA,28.1,TRUE
"MK90CB","UTU9S7","EZ97J5","F",1,"1979-01-29",NA,40.6,FALSE
"0Q077X","RJHF0G","Y7IUMX","F",1,"1980-08-07",NA,39,TRUE
"0ZISJ0","CMJQGU","YCVRXE","F",1,"1992-07-25",NA,27.1,FALSE
"KNIBZ7","TTE0Z7","97Y192","F",1,"1972-06-05",NA,47.2,FALSE
"FE03JV","L31S6S","P87V3K","F",1,"1991-08-04",NA,28.1,FALSE
"CAN12C","6S4HCB","7U5H8G","M",1,"1975-08-04",NA,44.1,FALSE
"79QBRD","6S4HCB","I8ABQE","F",1,"1974-08-15",NA,45,FALSE
"X6TGUV","MY1AEU","ZK6NM2","F",1,"1985-02-01",NA,34.6,FALSE
"0L5AWR","MY1AEU","ESZ6I3","F",1,"1991-10-17",NA,27.9,TRUE
"G3XCSE","RD3WB2","4EEKV7","F",1,"1970-07-03",NA,49.1,FALSE
"3GW5WC","D8FYZV","AE08C8","F",1,"1976-04-01",NA,43.4,FALSE
"6XYG9B","28XSME","WUPTU8","F",1,"1970-07-15",NA,49.1,TRUE
"VRSDUM","RD3WB2","1ZERVB","F",1,"1970-07-19",NA,49.1,FALSE
"8UE4L3","YAV1NW","Q8MRCZ","F",1,"1971-11-10",NA,47.8,FALSE
"L8CMNE","5A6DFT","0FKJ81","F",1,"1973-12-06",NA,45.7,TRUE
"KUENM8","UZCIN5","BD7MNF","M",1,"1981-03-01",NA,38.5,FALSE
"QP1WMJ","FD3BB6","AU22BC","M",2,"1990-05-17",NA,29.3,FALSE
"QZVTGJ","1BYXWJ","HR70BU","M",2,"1997-07-15",NA,22.1,TRUE
"E80KU8","EE4BJC","BRI2MW","F",2,"2006-09-21",NA,12.9,TRUE
"I67LRJ","EBG407","677E7M","M",2,"2011-03-23",NA,8.4,FALSE
"ASAF1T","HKTQ40","P4KR40","F",2,"2003-03-06",NA,16.5,FALSE
"WCPXHD","D8FYZV","VRSDUM","M",2,"1978-03-16",NA,41.4,FALSE
"FJIB3R","8LKBV9","G8EBU9","F",2,"1987-03-10",NA,32.5,FALSE
"DKMJ2Z","M0YNUR","5JGJDV","M",2,"1982-04-12",NA,37.4,FALSE
"1Y8P15","RYP77M","SNHNX6","M",2,"1987-03-26",NA,32.4,FALSE
"9VGCCV","8LKBV9","8P17E3","F",2,"1986-04-22",NA,33.3,FALSE
"4F3ASD","D8FYZV","8UE4L3","M",2,"1976-05-02",NA,43.3,FALSE
"79RXRZ","D1WP48","0GDSV0","F",2,"1983-04-13",NA,36.4,FALSE
"GBGWZD","RYP77M","WDUGSA","F",2,"1993-05-06",NA,26.3,FALSE
"4CHDK1","KUENM8","E2D59U","F",2,"1986-03-26",NA,33.4,TRUE
"42M0Y8","D8FYZV","8UE4L3","F",2,"1978-04-29",NA,41.3,FALSE
"772Q3D","1X40V5","0Q077X","F",2,"1987-05-11",NA,32.3,NA
"DKDP5B","8LWCAD","HJ555Y","M",2,"1984-06-09",NA,35.2,FALSE
"XL7AVE","C6E1D9","6XYG9B","M",2,"1979-05-09",NA,40.3,NA
"B6IDBA","RYP77M","S0022Z","F",2,"1993-04-19",NA,26.4,FALSE
"YPHFHF","D1WP48","JB7EW2","M",2,"1992-05-26",NA,27.2,NA
"DMI0QY","RYP77M","JR9GXD","F",2,"1991-04-28",NA,28.3,FALSE
"A3UZAN","BCH8AH","L8CMNE","M",2,"1981-06-26",NA,38.2,FALSE
"8FLD1J","D8FYZV","P2VQJR","F",2,"1977-05-10",NA,42.3,FALSE
"WFGRY3","CMJQGU","X6TGUV","F",2,"1992-05-26",NA,27.2,FALSE
"CKFA4F","CAN12C","DLZL49","F",2,"1986-07-08",NA,33.1,FALSE
"YHJ240","XEE9GT","79QBRD","F",2,"1979-05-30",NA,40.2,FALSE
"7U5NJD","SLN0TF","XH80WV","M",2,"1996-05-30",NA,23.2,FALSE
"I2G9D6","KUENM8","CEA455","F",2,"1992-05-25",NA,27.3,FALSE
"DGLT2F","D8FYZV","KNIBZ7","F",2,"1979-06-01",NA,40.2,FALSE
"9YJWKX","1W4GNT","4WWCPB","F",2,"1987-06-06",NA,32.2,FALSE
"D0CW4E","RYP77M","N2JRUE","F",2,"1989-06-23",NA,30.2,FALSE
"9CZSZM","8933XB","FE03JV","F",2,"1998-06-10",NA,21.2,FALSE
"Q00PB1","SLN0TF","1SIP4V","F",2,"1998-06-24",NA,21.2,TRUE
"6PX6PS","7NBKWE","IM1B5T","F",2,"1991-06-06",NA,28.2,TRUE
"ELGVC6","KUENM8","IM1B5T","M",2,"1992-05-09",NA,27.3,FALSE
"L07M06","L31S6S","7JQ09V","M",2,"1991-05-24",NA,28.3,TRUE
"4U7JTW","MY1AEU","3CLMPL","M",2,"1992-06-05",NA,27.2,FALSE
"270UK6","RYP77M","37FSQA","M",2,"1991-06-20",NA,28.2,FALSE
"J33BE0","QWUKUY","3GW5WC","F",2,"1989-09-26",NA,29.9,FALSE
"3PD3U5","KUENM8","P87V3K","F",2,"1990-08-14",NA,29,FALSE
"WIBIVP","KK1QYR","R4V1JU","F",2,"1993-07-13",NA,26.1,FALSE
"LUPGF8","CMJQGU","X6TGUV","M",2,"1990-10-17",NA,28.9,FALSE
"MNJU8T","D1WP48","D472PY","F",2,"1991-07-11",NA,28.1,TRUE
"0B7XRI","L31S6S","0Q077X","F",2,"1990-11-03",NA,28.8,TRUE
"J8XZ81","KUENM8","BYWXJB","F",2,"1991-07-12",NA,28.1,FALSE
"DWFFZL","PQX22G","G3XCSE","F",2,"1978-09-23",NA,40.9,NA
"0PADJQ","QP1WMJ","G2DMVF","F",3,"2003-06-07",NA,16.2,FALSE
"36W7XS","QZVTGJ","E80KU8","M",3,"2011-07-13",NA,8.1,FALSE
"5LXR2A","7U5NJD","D0CW4E","F",3,"2001-09-13",NA,17.9,TRUE
"HWQS19","4U7JTW","GBGWZD","F",3,"2002-06-19",NA,17.2,FALSE
"PWY8IQ","Y1XZEW","YHJ240","F",3,"1987-03-25",NA,32.4,FALSE
"YJXSIZ","YPHFHF","I2G9D6","F",3,"1998-02-26",NA,21.5,FALSE
"H16XSK","YPHFHF","5LDNWE","F",3,"1996-03-24",NA,23.4,FALSE
"BT0V1U","DKDP5B","BYWXJB","F",3,"1988-03-24",NA,31.4,FALSE
"HPGUPS","WCPXHD","9R28KQ","F",3,"1983-04-29",NA,36.3,FALSE
"S0ZHJP","WCPXHD","31UG06","M",3,"1983-04-30",NA,36.3,FALSE
"WWZRCW","NPYENA","42M0Y8","M",3,"1984-03-29",NA,35.4,FALSE
"CSZ177","WCPXHD","7KWRZK","F",3,"1987-05-01",NA,32.3,FALSE
"LLYLLX","9C6NW8","J8XZ81","F",3,"2000-05-24",NA,19.3,TRUE
"EKP7IN","9C6NW8","MNJU8T","F",3,"2001-05-27",NA,18.2,FALSE
"2FPL16","LUPGF8","0L5AWR","F",3,"1996-06-01",NA,23.2,FALSE
"3SG899","9C6NW8","J8XZ81","F",3,"1996-05-15",NA,23.3,FALSE
"H16EC4","XL7AVE","DGLT2F","M",3,"1984-05-12",NA,35.3,FALSE
"F2H56G","9C6NW8","J8XZ81","F",3,"1997-05-18",NA,22.3,FALSE
"JE4WD7","Q7F87W","9VGCCV","F",3,"1990-05-09",NA,29.3,FALSE
"73Z6NI","CAN12C","8FLD1J","F",3,"1990-05-05",NA,29.3,FALSE
"Q82XRQ","4U7JTW","0ZISJ0","M",3,"2006-06-03",NA,13.2,TRUE
"81MJXH","YPHFHF","WFGRY3","M",3,"1996-06-16",NA,23.2,FALSE
"K9TMQP","KCBMY9","DMI0QY","M",3,"1996-06-28",NA,23.2,FALSE
"PUEUBL","LUPGF8","0B7XRI","M",3,"1998-05-27",NA,21.2,FALSE
"GA204Z","8LKBV9","FJIB3R","M",3,"1991-05-16",NA,28.3,FALSE
"V1X2X3","QL6GH4","3PD3U5","M",3,"1996-07-09",NA,23.1,FALSE
"P49ZD1","4F3ASD","61ZSF7","M",3,"1981-09-16",NA,37.9,FALSE
"KY4G8M","1W4GNT","DWFFZL","M",3,"1992-07-14",NA,27.1,FALSE
"IRSC6X","XL7AVE","DGLT2F","F",3,"1983-08-31",NA,36,FALSE
"5LLJMI","KCBMY9","9YJWKX","F",3,"2000-07-07",NA,19.1,TRUE
"SXWVRI","KCBMY9","DMI0QY","F",3,"1998-07-03",NA,21.1,FALSE
"6PQJV5","WCPXHD","SQ908D","F",3,"1989-09-04",NA,30,TRUE
"BB0JP9","YPHFHF","BH6ZQK","M",3,"2000-09-03",NA,19,FALSE
"9JC6RF","A3UZAN","X20HK8","M",3,"1992-06-30",NA,27.2,FALSE
"45YQV5","WDBGPF","CKFA4F","F",3,"1991-08-06",NA,28.1,TRUE
"0P4BCQ","7U5NJD","R0VAQP","M",3,"2001-10-26",NA,17.8,TRUE
"6WG3MZ","D0Z114","4CHDK1","F",3,"1992-08-12",NA,27,FALSE
"665C2Y","DKMJ2Z","R4V1JU","F",3,"1987-02-04",NA,32.6,FALSE
"M5DJVP","KCBMY9","9YJWKX","M",3,"1996-05-03",NA,23.3,FALSE
"30YDZU","WCPXHD","MK90CB","F",3,"1984-04-23",NA,35.3,FALSE
"6XRGWW","L5KNS5","0PADJQ","M",4,"2012-07-24",NA,7.1,FALSE
"9M5YFR","9JC6RF","B6IDBA","M",4,"2000-09-15",NA,18.9,FALSE
"EFZPSL","PUEUBL","9CZSZM","M",4,"2002-04-01",NA,17.4,FALSE
"8GSXTQ","7U5NJD","6WG3MZ","M",4,"2003-05-15",NA,16.3,FALSE
"8NQX52","M5DJVP","45YQV5","F",4,"2004-07-07",NA,15.1,FALSE
"A7YLIQ","V1X2X3","SH0L6S","M",4,"2003-04-27",NA,16.3,FALSE
"9PDPW7","4U7JTW","SXWVRI","F",4,"2006-04-15",NA,13.4,FALSE
"J4ZDIU","M5DJVP","Q00PB1","M",4,"2007-07-02",NA,12.2,FALSE
"HJLX2B","S0ZHJP","79RXRZ","M",4,"1987-05-01",NA,32.3,TRUE
"SPHGC9","9JC6RF","DU300Q","M",4,"1996-05-17",NA,23.3,NA
"S7MA0G","K9TMQP","3SG899","F",4,"2002-03-27",NA,17.4,FALSE
"ZMMIM4","RYP77M","IRSC6X","F",4,"1987-05-10",NA,32.3,FALSE
"62PLX3","KCBMY9","665C2Y","M",4,"1996-04-17",NA,23.4,TRUE
"P844CW","7U5NJD","6WG3MZ","F",4,"2002-05-01",NA,17.3,TRUE
"QQ24T8","9C6NW8","45YQV5","M",4,"1995-06-02",NA,24.2,FALSE
"7WQYLL","GA204Z","EQNDAY","M",4,"2003-06-07",NA,16.2,FALSE
"T5S3BR","CMJQGU","30YDZU","F",4,"1992-04-14",NA,27.4,FALSE
"4J6BKH","PUEUBL","Q00PB1","F",4,"2002-05-09",NA,17.3,FALSE
"PHCADH","RF8KMZ","JE4WD7","F",4,"1994-05-29",NA,25.2,FALSE
"A792ZU","P49ZD1","8THU85","F",4,"1986-07-03",NA,33.1,FALSE
"E06FRB","H16EC4","BT0V1U","F",4,"1993-06-16",NA,26.2,NA
"HV7LZ3","H16EC4","BT0V1U","F",4,"1992-05-19",NA,27.3,FALSE
"IMF6BL","1Y8P15","PWY8IQ","F",4,"1991-06-26",NA,28.2,NA
"YI7MWL","KUENM8","HPGUPS","F",4,"1991-07-12",NA,28.1,TRUE
"1TGPDW","SLN0TF","73Z6NI","F",4,"1996-10-30",NA,22.8,TRUE
"667KL7","6MGJYG","CSZ177","F",4,"1991-06-28",NA,28.2,FALSE
"2HE8W4","1Y8P15","665C2Y","F",4,"1992-05-22",NA,27.3,FALSE
"5LG839","GA204Z","WIBIVP","M",4,"2001-10-19",NA,17.9,FALSE
"3C6G7Y","KCBMY9","665C2Y","F",4,"1993-10-19",NA,25.9,FALSE
"I6M26L","WWZRCW","MND3AC","F",4,"1991-09-26",NA,27.9,TRUE
"ED5PDV","81MJXH","H16XSK","M",4,"2002-03-28",NA,17.4,NA
"F3QIL7","P49ZD1","GTKL5Z","F",4,"1990-02-23",NA,29.5,FALSE
"BR9WT6","H16EC4","6PX6PS","M",4,"2002-03-05",NA,17.5,FALSE
"9LZVTE","S0ZHJP","8PHUQL","M",4,"1989-03-12",NA,30.5,FALSE
"W37STC","L07M06","3C6G7Y","F",5,"2002-04-25",NA,17.3,FALSE
"SBKELE","QQ24T8","JE4WD7","F",5,"2002-06-21",NA,17.2,FALSE
"95XZY9","SPHGC9","6PQJV5","F",5,"2002-07-13",NA,17.1,TRUE
"FIL6AB","ELGVC6","I6M26L","M",5,"2002-10-11",NA,16.9,TRUE
"23T5N2","M5DJVP","667KL7","F",5,"2003-08-22",NA,16,FALSE
"HH66K6","ELGVC6","HV7LZ3","M",5,"2005-05-17",NA,14.3,FALSE
"MZQCZB","SPHGC9","F2H56G","F",5,"2008-06-11",NA,11.2,FALSE
"ZHVYYN","9M5YFR","KS2ZNP","F",5,"2013-08-25",NA,6,TRUE
"TXIF7D","8GSXTQ","ASAF1T","F",5,"2013-11-01",NA,5.8,TRUE
"4DMIW1","LUPGF8","2HE8W4","M",5,"2003-01-14",NA,16.6,TRUE
"3RYHBP","62PLX3","2FPL16","F",5,"2003-06-19",NA,16.2,FALSE
"GZFGFQ","LUPGF8","HV7LZ3","F",5,"2003-09-30",NA,15.9,FALSE
"J85R4L","5LG839","UZJGCD","F",5,"2006-05-29",NA,13.2,TRUE
"7VEH10","9M5YFR","L81S8M","M",5,"2007-06-27",NA,12.2,TRUE
"FWL00Q","BR9WT6","4J6BKH","F",5,"2008-03-16",NA,11.4,FALSE
"LT00CV","ED5PDV","P844CW","M",5,"2008-03-20",NA,11.4,FALSE
"NKNRU0","HJLX2B","772Q3D","F",5,"1993-05-26",NA,26.3,FALSE
"KUY2ED","9M5YFR","L81S8M","F",5,"2006-05-24",NA,13.3,FALSE
"97D38B","9LZVTE","J33BE0","F",5,"1996-04-25",NA,23.3,FALSE
"GBLFXN","DKMJ2Z","ZMMIM4","F",5,"1992-03-10",NA,27.5,FALSE
"F5M8IL","KY4G8M","F3QIL7","M",5,"1997-05-23",NA,22.3,FALSE
"YY7782","62PLX3","HA7MFD","F",5,"2002-04-24",NA,17.3,TRUE
"T6UQVX","YPHFHF","T5S3BR","M",5,"1999-05-18",NA,20.3,FALSE
"2EHR2W","B2U6J7","HV7LZ3","M",5,"1997-06-14",NA,22.2,NA
"VTZFWZ","9C6NW8","YI7MWL","M",5,"1996-05-29",NA,23.2,FALSE
"MQ0ZWN","LUPGF8","E06FRB","F",5,"2001-08-05",NA,18.1,FALSE
"P9RX04","L07M06","PHCADH","F",5,"1999-06-19",NA,20.2,NA
"4R7L88","B2U6J7","IMF6BL","F",5,"1997-08-03",NA,22.1,NA
"KXZE07","270UK6","A792ZU","F",5,"1998-08-30",NA,21,TRUE
"LVK7AI","9JC6RF","NKNRU0","M",6,"2000-08-15",NA,19,TRUE
"JR9YMU","VTZFWZ","1TGPDW","F",6,"2002-06-13",NA,17.2,FALSE
"T8EB3B","T6UQVX","P9RX04","F",6,"2003-04-29",NA,16.3,FALSE
"0HV868","SPHGC9","KXZE07","F",6,"2008-05-23",NA,11.3,FALSE
"J1SX9Q","8GSXTQ","23T5N2","F",6,"2008-07-29",NA,11.1,TRUE
"2DA5K8","LT00CV","FWL00Q","F",6,"2013-03-27",NA,6.4,FALSE
"0BNY0G","8GSXTQ","23T5N2","F",6,"2013-05-01",NA,6.3,FALSE
"K9X9T3","7WQYLL","MZQCZB","F",6,"2013-08-07",NA,6.1,FALSE
"ZPVN1V","FIL6AB","SBKELE","F",6,"2013-08-08",NA,6,FALSE
"0F4FY1","FIL6AB","W37STC","F",6,"2013-09-07",NA,6,FALSE
"K1HTZ8","FIL6AB","HWQS19","F",6,"2013-11-27",NA,5.7,FALSE
"K0M2RD","FIL6AB","95XZY9","F",6,"2013-12-21",NA,5.7,FALSE
"E01N02","F5M8IL","YJXSIZ","F",6,"2003-04-05",NA,16.4,TRUE
"ZZMDQ0","ED5PDV","YY7782","F",6,"2006-05-18",NA,13.3,FALSE
"RK53PX","F5M8IL","4R7L88","M",6,"2006-06-15",NA,13.2,FALSE
"RR1711","VTZFWZ","LLYLLX","M",6,"2006-06-18",NA,13.2,TRUE
"306H5X","0P4BCQ","MQ0ZWN","F",6,"2007-07-05",NA,12.1,FALSE
"TFSCLL","A7YLIQ","GZFGFQ","F",6,"2007-07-22",NA,12.1,FALSE
"H6GMER","2EHR2W","S7MA0G","F",6,"2008-04-25",NA,11.3,TRUE
"2EQ54B","4DMIW1","3RYHBP","F",6,"2013-06-29",NA,6.2,FALSE
"JJ3LDY","Q82XRQ","KUY2ED","F",6,"2013-09-13",NA,5.9,TRUE
"ZP1T7Z","81MJXH","97D38B","M",6,"2001-04-28",NA,18.3,FALSE
"8W81GT","IQLWH8","GBLFXN","F",6,"2000-06-16",NA,19.2,FALSE
"WW4JIT","ZP1T7Z","EKP7IN","F",7,"2005-05-07",NA,14.3,FALSE
"6CVAJM","LVK7AI","5LLJMI","F",7,"2005-05-16",NA,14.3,FALSE
"XW778S","LT00CV","H6GMER","F",7,"2013-04-13",NA,6.4,FALSE
"MAW987","7VEH10","306H5X","F",7,"2013-05-31",NA,6.2,FALSE
"N0DGS1","7WQYLL","0HV868","F",7,"2013-05-21",NA,6.3,FALSE
"LDTVKR","7WQYLL","J1SX9Q","F",7,"2013-07-04",NA,6.1,FALSE
"CEIDU5","EFZPSL","JR9YMU","F",7,"2013-08-02",NA,6.1,FALSE
"FHHNGA","LVK7AI","5LXR2A","F",7,"2013-11-02",NA,5.8,FALSE
"K93DCQ","8GSXTQ","T8EB3B","F",7,"2013-10-21",NA,5.8,TRUE
"W7AVCH","LVK7AI","8NQX52","F",7,"2013-10-23",NA,5.8,FALSE
"0IG0ZS","BB0JP9","8W81GT","F",7,"2006-05-03",NA,13.3,FALSE
"DA82MT","J4ZDIU","TFSCLL","F",7,"2013-06-01",NA,6.2,FALSE
"MAZX6R","RR1711","9PDPW7","F",7,"2013-07-19",NA,6.1,FALSE
"7UMJ31","RK53PX","ZZMDQ0","F",7,"2013-07-11",NA,6.1,FALSE
"QSUYI1","A7YLIQ","E01N02","F",7,"2013-08-15",NA,6,FALSE
"4A4EC5","RR1711","J85R4L","F",7,"2013-09-15",NA,5.9,NA
"9RHBJ9","HH66K6","6CVAJM","F",8,"2013-06-30",NA,6.2,FALSE
"GBANSD","HH66K6","WW4JIT","F",8,"2013-08-04",NA,6.1,FALSE
"7I0TU2","RK53PX","0IG0ZS","F",8,"2013-07-12",NA,6.1,FALSE
