"id","sire","dam","sex","gen","birth","exit","age","name"
"BRI2MW",NA,NA,"F",0,"1998-12-06",NA,20.7,"Grand-Champion-Xerxes-Constantinopolous-The-Magnificent-III"
"677E7M",NA,NA,"F",0,"1998-07-24",NA,21.1,"Clover"
"ZZ646X",NA,NA,"F",0,"1997-12-08",NA,21.7,""
"FEEN9W",NA,NA,"M",0,"1997-12-23",NA,21.7,NA
"83U0EX",NA,NA,"M",0,NA,NA,NA,NA
"6VUC6R",NA,NA,"F",0,NA,NA,NA,"Kepler"
"FD3BB6",NA,NA,"M",0,NA,NA,NA,"Comet"
"GQUCRY",NA,NA,"F",0,NA,NA,NA,NA
"WS6D1B",NA,NA,"M",0,NA,NA,NA,NA
"1BYXWJ",NA,NA,"M",0,NA,NA,NA,"Bandit"
"N2C1PW",NA,NA,"F",0,NA,NA,NA,"Dusty"
"PH0IXL",NA,NA,"F",0,NA,NA,NA,"Willow"
"8WG9U2",NA,NA,"F",0,NA,NA,NA,"Ginger"
"PLT00S",NA,NA,"F",0,NA,NA,NA,"Dusty"
"BCH8AH",NA,NA,"M",0,NA,NA,NA,NA
"ZLS786",NA,NA,"F",0,NA,NA,NA,NA
"HJ555Y",NA,NA,"F",0,NA,NA,NA,"Freckles"
"CMJQGU",NA,NA,"M",0,NA,NA,NA,"Quill"
"9R28KQ",NA,NA,"F",0,NA,NA,NA,"Clover"
"GYQNV5",NA,NA,"F",0,"1982-04-21",NA,37.3,""
"MND3AC",NA,NA,"F",0,"1982-11-29",NA,36.7,"Dusty"
"RXPJPP",NA,NA,"F",0,"1982-04-28",NA,37.3,NA
"HDJ52R",NA,NA,"F",0,"1982-01-10",NA,37.6,NA
"7KWRZK",NA,NA,"F",0,"1980-03-26",NA,39.4,"Ranger"
"SQ908D",NA,NA,"F",0,"1980-03-19",NA,39.4,"Apollo"
"P87V3K",NA,NA,"F",0,"1981-04-24",NA,38.3,"Clover"
"C3IFT0",NA,NA,"F",0,"1980-02-23",NA,39.5,""
"RKBTHH",NA,NA,"F",0,"1982-06-02",NA,37.2,"Ginger"
"EZ97J5",NA,NA,"F",0,NA,NA,NA,""
"9A1LWF",NA,NA,"F",0,"1982-12-12",NA,36.7,NA
"Y7IUMX",NA,NA,"F",0,NA,NA,NA,"Willow"
"BZ8K78",NA,NA,"M",0,NA,NA,NA,"Onyx"
"4WWCPB",NA,NA,"F",0,"1982-07-21",NA,37.1,"Luna"
"Q8MRCZ",NA,NA,"F",0,NA,NA,NA,"Bandit"
"8DKELJ",NA,NA,"F",0,NA,NA,NA,"Apollo"
"LVS6QV",NA,NA,"F",0,"1982-06-19",NA,37.2,"Maple"
"8P17E3",NA,NA,"F",0,"1982-06-12",NA,37.2,""
"8933XB",NA,NA,"M",0,NA,NA,NA,NA
"IYYFP6",NA,NA,"F",0,NA,NA,NA,"Ranger"
"G8EBU9",NA,NA,"F",0,"1982-06-19",NA,37.2,"Nutmeg"
"C1BAND",NA,NA,"F",0,NA,NA,NA,"Kepler"
"E2D59U",NA,NA,"F",0,"1982-04-30",NA,37.3,"Ember"
"LVP52A",NA,NA,"F",0,NA,NA,NA,"Dusty"
"KWKJXQ",NA,NA,"F",0,"1982-06-05",NA,37.2,NA
"CEA455",NA,NA,"F",0,"1982-06-29",NA,37.2,"Ember"
"8THU85",NA,NA,"F",0,"1982-07-11",NA,37.1,"Apollo"
"1ZERVB",NA,NA,"F",0,NA,NA,NA,NA
"MTSHHY",NA,NA,"F",0,NA,NA,NA,NA
"4EEKV7",NA,NA,"F",0,NA,NA,NA,"Marbles"
"9C6NW8",NA,NA,"M",0,NA,NA,NA,NA
"HA7MFD",NA,NA,"F",0,NA,NA,NA,""
"QL6GH4",NA,NA,"M",0,NA,NA,NA,"Clover"
"RF8KMZ",NA,NA,"M",0,NA,NA,NA,"Kepler"
"B2U6J7",NA,NA,"M",0,NA,NA,NA,"Dusty"
"WUPTU8",NA,NA,"F",0,NA,NA,NA,"Juniper"
"BM40IX",NA,NA,"M",0,NA,NA,NA,"Juniper"
"PQX22G",NA,NA,"M",0,NA,NA,NA,"Ember"
"A3A34I",NA,NA,"F",0,NA,NA,NA,""
"WDUGSA",NA,NA,"F",0,"1988-02-15",NA,31.5,"Juniper"
"S0022Z",NA,NA,"F",0,"1988-05-26",NA,31.2,NA
"DPUHBA",NA,NA,"F",0,NA,NA,NA,""
"L2I39Y",NA,NA,"F",0,NA,NA,NA,""
"Y1XZEW",NA,NA,"M",0,NA,NA,NA,"Willow"
"NPYENA",NA,NA,"M",0,NA,NA,NA,"Onyx"
"KXU1ZH",NA,NA,"M",0,NA,NA,NA,"Ginger"
"KCBMY9",NA,NA,"M",0,NA,NA,NA,"Kepler"
"0FKJ81",NA,NA,"F",0,NA,NA,NA,"Hazel"
"KK1QYR",NA,NA,"M",0,NA,NA,NA,"Luna"
"5A6DFT",NA,NA,"M",0,NA,NA,NA,NA
"HKTQ40",NA,NA,"M",0,"1989-06-10",NA,30.2,"Sage"
"I8ABQE",NA,NA,"F",0,NA,NA,NA,""
"6S4HCB",NA,NA,"M",0,NA,NA,NA,""
"5GQC24",NA,NA,"M",0,NA,NA,NA,NA
"YAV1NW",NA,NA,"M",0,NA,NA,NA,"Marbles"
"TTE0Z7",NA,NA,"M",0,NA,NA,NA,"Ember"
"BD7MNF",NA,NA,"F",0,NA,NA,NA,"Ranger"
"FG9RYY",NA,NA,"F",0,NA,NA,NA,"Pepper"
"D8FYZV",NA,NA,"M",0,NA,NA,NA,""
"BJ4J7G",NA,NA,"F",0,NA,NA,NA,"Hazel"
"C2YD43",NA,NA,"F",0,"1978-02-17",NA,41.5,"Kepler"
"JB7EW2",NA,NA,"F",0,"1978-05-18",NA,41.3,"Quill"
"AE08C8",NA,NA,"F",0,NA,NA,NA,"Marbles"
"IX0KKP",NA,NA,"F",0,"1982-04-27",NA,37.3,""
"YCVRXE",NA,NA,"F",0,"1980-04-30",NA,39.3,""
"MY1AEU",NA,NA,"M",0,"1978-06-21",NA,41.2,NA
"ZK6NM2",NA,NA,"F",0,NA,NA,NA,""
"DLZL49",NA,NA,"F",0,"1979-02-10",NA,40.5,NA
"IP1TGT",NA,NA,"F",0,NA,NA,NA,"Ziggy"
"97Y192",NA,NA,"F",0,NA,NA,NA,"Nutmeg"
"TUILLQ",NA,NA,"F",0,"1978-03-11",NA,41.5,"Ginger"
"CBLNYE",NA,NA,"F",0,"1979-06-30",NA,40.2,"Marbles"
"B948B1",NA,NA,"F",0,NA,NA,NA,NA
"QWUKUY",NA,NA,"M",0,"1978-04-29",NA,41.3,"Onyx"
"1X40V5",NA,NA,"M",0,"1978-04-15",NA,41.4,"Ginger"
"WDBGPF",NA,NA,"M",0,"1978-05-04",NA,41.3,""
"C3V2V6",NA,NA,"F",0,"1979-08-01",NA,40.1,"Clover"
"C6E1D9",NA,NA,"M",0,NA,NA,NA,"Comet"
"ESZ6I3",NA,NA,"F",0,"1979-09-30",NA,39.9,"Nutmeg"
"31UG06",NA,NA,"F",0,NA,NA,NA,"Sage"
"RJHF0G",NA,NA,"M",0,NA,NA,NA,"Willow"
"8ZK9LV",NA,NA,"F",0,NA,NA,NA,"Ginger"
"X20HK8",NA,NA,"F",0,"1978-04-06",NA,41.4,"Kepler"
"3XP1ZD",NA,NA,"M",0,NA,NA,NA,"Sage"
"61ZSF7",NA,NA,"F",0,NA,NA,NA,"Juniper"
"28XSME",NA,NA,"M",0,NA,NA,NA,"Marbles"
"7NBKWE",NA,NA,"M",0,NA,NA,NA,"Nutmeg"
"XEE9GT",NA,NA,"M",0,NA,NA,NA,"Clover"
"RD3WB2",NA,NA,"M",0,NA,NA,NA,""
"L31S6S",NA,NA,"M",0,NA,NA,NA,NA
"7U5H8G",NA,NA,"F",0,NA,NA,NA,"Ranger"
"HCY8QM",NA,NA,"F",0,NA,NA,NA,NA
"LWV138",NA,NA,"F",0,NA,NA,NA,NA
"R3BBV1",NA,NA,"F",0,NA,NA,NA,NA
"U5VLXP",NA,NA,"M",0,NA,NA,NA,""
"UXVHSF",NA,NA,"M",0,NA,NA,NA,"Marbles"
"UKJFYA",NA,NA,"M",0,NA,NA,NA,"Onyx"
"UWJKEQ",NA,NA,"M",0,NA,NA,NA,"Comet"
"UYZ1DD",NA,NA,"M",0,NA,NA,NA,"Ranger"
"UCXEK5",NA,NA,"M",0,NA,NA,NA,""
"UUNQ4J",NA,NA,"M",0,NA,NA,NA,NA
"ULQFEZ",NA,NA,"M",0,NA,NA,NA,""
"UTU9S7",NA,NA,"M",0,NA,NA,NA,"Marbles"
"UZCIN5",NA,NA,"M",0,NA,NA,NA,"Luna"
"UZJGCD",NA,NA,"F",0,NA,NA,NA,"Luna"
"EBG407","U5VLXP","PH0IXL","M",1,"1998-01-24",NA,21.6,"Pepper"
"EE4BJC","UXVHSF","8WG9U2","M",1,"1998-01-08",NA,21.6,"Quill"
"L5KNS5","UKJFYA","PLT00S","M",1,"1998-01-03",NA,21.6,NA
"AU22BC","UWJKEQ","GQUCRY","F",1,"1985-10-08",NA,33.9,"Pepper"
"G2DMVF","83U0EX","6VUC6R","F",1,"1988-08-28",NA,31,"Quill"
"HR70BU","WS6D1B","N2C1PW","F",1,"1991-09-03",NA,28,"Pepper"
"BNHC69","FEEN9W","ZZ646X","M",1,"2011-06-08",NA,8.2,"Hazel"
"KS2ZNP","BZ8K78","C1BAND","F",1,"1999-06-04",NA,20.2,"Hazel"
"7JQ09V","WDBGPF","IP1TGT","F",1,"1985-04-24",NA,34.3,"Bandit"
"6MGJYG","L31S6S","KWKJXQ","M",1,"1987-03-28",NA,32.4,"Marbles"
"8PHUQL","UYZ1DD","IP1TGT","F",1,"1983-04-11",NA,36.4,"Maple"
"8LWCAD","5A6DFT","HCY8QM","M",1,"1979-03-31",NA,40.4,"Ember"
"XH80WV","QWUKUY","C2YD43","F",1,"1990-04-25",NA,29.3,"Dusty"
"SLN0TF","UCXEK5","C3IFT0","M",1,"1985-04-16",NA,34.4,"Hazel"
"Q7F87W","1X40V5","CBLNYE","M",1,"1986-04-04",NA,33.4,"Bandit"
"BYWXJB","WDBGPF","IX0KKP","F",1,"1984-05-19",NA,35.3,"Quill"
"SH0L6S","L31S6S","GYQNV5","F",1,"1987-06-02",NA,32.2,""
"1SIP4V","7NBKWE","RXPJPP","F",1,"1990-05-25",NA,29.3,NA
"EQNDAY","3XP1ZD","9A1LWF","F",1,"1992-04-18",NA,27.4,"Luna"
"IQLWH8","QWUKUY","E2D59U","M",1,"1991-04-26",NA,28.3,"Apollo"
"JR9GXD","1X40V5","CBLNYE","F",1,"1984-06-19",NA,35.2,"Clover"
"0GDSV0","UUNQ4J","ZLS786","F",1,"1979-05-11",NA,40.3,"Juniper"
"M0YNUR","PQX22G","8ZK9LV","M",1,"1977-04-14",NA,42.4,"Freckles"
"37FSQA","ULQFEZ","TUILLQ","F",1,"1983-05-24",NA,36.3,NA
"R4V1JU","7NBKWE","LVP52A","F",1,"1982-07-07",NA,37.1,"Dusty"
"N2JRUE","7NBKWE","R3BBV1","F",1,"1983-07-06",NA,36.1,""
"5JGJDV","28XSME","LWV138","F",1,"1978-05-03",NA,41.3,""
"RYP77M","L31S6S","A3A34I","M",1,"1983-06-09",NA,36.2,"Freckles"
"P2VQJR","BM40IX","MTSHHY","F",1,"1973-03-29",NA,46.4,"Sage"
"3CLMPL","C6E1D9","8DKELJ","F",1,"1983-06-22",NA,36.2,""
"8LKBV9","5A6DFT","8DKELJ","M",1,"1981-08-17",NA,38,"Onyx"
"GTKL5Z","5GQC24","BJ4J7G","F",1,"1980-05-22",NA,39.3,NA
"SNHNX6","NPYENA","L2I39Y","F",1,"1983-08-03",NA,36.1,"Willow"
"IM1B5T","KXU1ZH","FG9RYY","F",1,"1985-09-15",NA,33.9,"Bandit"
"D0Z114","PQX22G","DPUHBA","M",1,"1977-06-30",NA,42.2,"Willow"
"1W4GNT","PQX22G","B948B1","M",1,"1977-06-26",NA,42.2,"Maple"
"5LDNWE","WDBGPF","RKBTHH","F",1,"1992-05-18",NA,27.3,NA
"L81S8M","BZ8K78","IYYFP6","F",1,"2000-06-19",NA,19.2,"Ember"
"D1WP48","5A6DFT","I8ABQE","M",1,"1978-07-06",NA,41.1,"Clover"
"D472PY","5GQC24","BJ4J7G","F",1,"1979-08-01",NA,40.1,"Onyx"
"BH6ZQK","MY1AEU","HDJ52R","F",1,"1992-07-24",NA,27.1,"Luna"
"R0VAQP","QWUKUY","G8EBU9","F",1,"1992-07-14",NA,27.1,"Marbles"
"DU300Q","1X40V5","C3V2V6","F",1,"1985-12-04",NA,33.7,"Hazel"
"P4KR40","MY1AEU","LVS6QV","F",1,"1991-07-14",NA,28.1,NA
"MK90CB","UTU9S7","EZ97J5","F",1,"1979-01-29",NA,40.6,"Freckles"
"0Q077X","RJHF0G","Y7IUMX","F",1,"1980-08-07",NA,39,"Hazel"
"0ZISJ0","CMJQGU","YCVRXE","F",1,"1992-07-25",NA,27.1,"Hazel"
"KNIBZ7","TTE0Z7","97Y192","F",1,"1972-06-05",NA,47.2,NA
"FE03JV","L31S6S","P87V3K","F",1,"1991-08-04",NA,28.1,"Ranger"
"CAN12C","6S4HCB","7U5H8G","M",1,"1975-08-04",NA,44.1,"Kepler"
"79QBRD","6S4HCB","I8ABQE","F",1,"1974-08-15",NA,45,"Marbles"
"X6TGUV","MY1AEU","ZK6NM2","F",1,"1985-02-01",NA,34.6,"Hazel"
"0L5AWR","MY1AEU","ESZ6I3","F",1,"1991-10-17",NA,27.9,"Dusty"
"G3XCSE","RD3WB2","4EEKV7","F",1,"1970-07-03",NA,49.1,""
"3GW5WC","D8FYZV","AE08C8","F",1,"1976-04-01",NA,43.4,"Juniper"
"6XYG9B","28XSME","WUPTU8","F",1,"1970-07-15",NA,49.1,"Hazel"
"VRSDUM","RD3WB2","1ZERVB","F",1,"1970-07-19",NA,49.1,"Ziggy"
"8UE4L3","YAV1NW","Q8MRCZ","F",1,"1971-11-10",NA,47.8,""
"L8CMNE","5A6DFT","0FKJ81","F",1,"1973-12-06",NA,45.7,"Juniper"
"KUENM8","UZCIN5","BD7MNF","M",1,"1981-03-01",NA,38.5,"Freckles"
"QP1WMJ","FD3BB6","AU22BC","M",2,"1990-05-17",NA,29.3,""
"QZVTGJ","1BYXWJ","HR70BU","M",2,"1997-07-15",NA,22.1,"Luna"
"E80KU8","EE4BJC","BRI2MW","F",2,"2006-09-21",NA,12.9,"Ember"
"I67LRJ","EBG407","677E7M","M",2,"2011-03-23",NA,8.4,"Comet"
"ASAF1T","HKTQ40","P4KR40","F",2,"2003-03-06",NA,16.5,"Comet"
"WCPXHD","D8FYZV","VRSDUM","M",2,"1978-03-16",NA,41.4,"Ziggy"
"FJIB3R","8LKBV9","G8EBU9","F",2,"1987-03-10",NA,32.5,"Ranger"
"DKMJ2Z","M0YNUR","5JGJDV","M",2,"1982-04-12",NA,37.4,"Marbles"
"1Y8P15","RYP77M","SNHNX6","M",2,"1987-03-26",NA,32.4,"Quill"
"9VGCCV","8LKBV9","8P17E3","F",2,"1986-04-22",NA,33.3,"Comet"
"4F3ASD","D8FYZV","8UE4L3","M",2,"1976-05-02",NA,43.3,NA
"79RXRZ","D1WP48","0GDSV0","F",2,"1983-04-13",NA,36.4,"Kepler"
"GBGWZD","RYP77M","WDUGSA","F",2,"1993-05-06",NA,26.3,"Bandit"
"4CHDK1","KUENM8","E2D59U","F",2,"1986-03-26",NA,33.4,"Nutmeg"
"42M0Y8","D8FYZV","8UE4L3","F",2,"1978-04-29",NA,41.3,"Ranger"
"772Q3D","1X40V5","0Q077X","F",2,"1987-05-11",NA,32.3,"Ginger"
"DKDP5B","8LWCAD","HJ555Y","M",2,"1984-06-09",NA,35.2,""
"XL7AVE","C6E1D9","6XYG9B","M",2,"1979-05-09",NA,40.3,"Kepler"
"B6IDBA","RYP77M","S0022Z","F",2,"1993-04-19",NA,26.4,"Maple"
"YPHFHF","D1WP48","JB7EW2","M",2,"1992-05-26",NA,27.2,"Luna"
"DMI0QY","RYP77M","JR9GXD","F",2,"1991-04-28",NA,28.3,"Dusty"
"A3UZAN","BCH8AH","L8CMNE","M",2,"1981-06-26",NA,38.2,NA
"8FLD1J","D8FYZV","P2VQJR","F",2,"1977-05-10",NA,42.3,""
"WFGRY3","CMJQGU","X6TGUV","F",2,"1992-05-26",NA,27.2,""
"CKFA4F","CAN12C","DLZL49","F",2,"1986-07-08",NA,33.1,"Quill"
"YHJ240","XEE9GT","79QBRD","F",2,"1979-05-30",NA,40.2,"Bandit"
"7U5NJD","SLN0TF","XH80WV","M",2,"1996-05-30",NA,23.2,"Ginger"
"I2G9D6","KUENM8","CEA455","F",2,"1992-05-25",NA,27.3,"Ranger"
"DGLT2F","D8FYZV","KNIBZ7","F",2,"1979-06-01",NA,40.2,"Ember"
"9YJWKX","1W4GNT","4WWCPB","F",2,"1987-06-06",NA,32.2,NA
"D0CW4E","RYP77M","N2JRUE","F",2,"1989-06-23",NA,30.2,"Luna"
"9CZSZM","8933XB","FE03JV","F",2,"1998-06-10",NA,21.2,NA
"Q00PB1","SLN0TF","1SIP4V","F",2,"1998-06-24",NA,21.2,"Maple"
"6PX6PS","7NBKWE","IM1B5T","F",2,"1991-06-06",NA,28.2,"Comet"
"ELGVC6","KUENM8","IM1B5T","M",2,"1992-05-09",NA,27.3,"Ziggy"
"L07M06","L31S6S","7JQ09V","M",2,"1991-05-24",NA,28.3,""
"4U7JTW","MY1AEU","3CLMPL","M",2,"1992-06-05",NA,27.2,"Ginger"
"270UK6","RYP77M","37FSQA","M",2,"1991-06-20",NA,28.2,"Freckles"
"J33BE0","QWUKUY","3GW5WC","F",2,"1989-09-26",NA,29.9,NA
"3PD3U5","KUENM8","P87V3K","F",2,"1990-08-14",NA,29,"Nutmeg"
"WIBIVP","KK1QYR","R4V1JU","F",2,"1993-07-13",NA,26.1,"Comet"
"LUPGF8","CMJQGU","X6TGUV","M",2,"1990-10-17",NA,28.9,"Ranger"
"MNJU8T","D1WP48","D472PY","F",2,"1991-07-11",NA,28.1,"Comet"
"0B7XRI","L31S6S","0Q077X","F",2,"1990-11-03",NA,28.8,"Kepler"
"J8XZ81","KUENM8","BYWXJB","F",2,"1991-07-12",NA,28.1,NA
"DWFFZL","PQX22G","G3XCSE","F",2,"1978-09-23",NA,40.9,"Juniper"
"0PADJQ","QP1WMJ","G2DMVF","F",3,"2003-06-07",NA,16.2,NA
"36W7XS","QZVTGJ","E80KU8","M",3,"2011-07-13",NA,8.1,""
"5LXR2A","7U5NJD","D0CW4E","F",3,"2001-09-13",NA,17.9,"Kepler"
"HWQS19","4U7JTW","GBGWZD","F",3,"2002-06-19",NA,17.2,NA
"PWY8IQ","Y1XZEW","YHJ240","F",3,"1987-03-25",NA,32.4,""
"YJXSIZ","YPHFHF","I2G9D6","F",3,"1998-02-26",NA,21.5,"Kepler"
"H16XSK","YPHFHF","5LDNWE","F",3,"1996-03-24",NA,23.4,"Sage"
"BT0V1U","DKDP5B","BYWXJB","F",3,"1988-03-24",NA,31.4,NA
"HPGUPS","WCPXHD","9R28KQ","F",3,"1983-04-29",NA,36.3,"Willow"
"S0ZHJP","WCPXHD","31UG06","M",3,"1983-04-30",NA,36.3,NA
"WWZRCW","NPYENA","42M0Y8","M",3,"1984-03-29",NA,35.4,"Marbles"
"CSZ177","WCPXHD","7KWRZK","F",3,"1987-05-01",NA,32.3,NA
"LLYLLX","9C6NW8","J8XZ81","F",3,"2000-05-24",NA,19.3,NA
"EKP7IN","9C6NW8","MNJU8T","F",3,"2001-05-27",NA,18.2,""
"2FPL16","LUPGF8","0L5AWR","F",3,"1996-06-01",NA,23.2,"Dusty"
"3SG899","9C6NW8","J8XZ81","F",3,"1996-05-15",NA,23.3,"Ranger"
"H16EC4","XL7AVE","DGLT2F","M",3,"1984-05-12",NA,35.3,""
"F2H56G","9C6NW8","J8XZ81","F",3,"1997-05-18",NA,22.3,"Bandit"
"JE4WD7","Q7F87W","9VGCCV","F",3,"1990-05-09",NA,29.3,NA
"73Z6NI","CAN12C","8FLD1J","F",3,"1990-05-05",NA,29.3,"Hazel"
"Q82XRQ","4U7JTW","0ZISJ0","M",3,"2006-06-03",NA,13.2,"Quill"
"81MJXH","YPHFHF","WFGRY3","M",3,"1996-06-16",NA,23.2,""
"K9TMQP","KCBMY9","DMI0QY","M",3,"1996-06-28",NA,23.2,NA
"PUEUBL","LUPGF8","0B7XRI","M",3,"1998-05-27",NA,21.2,"Sage"
"GA204Z","8LKBV9","FJIB3R","M",3,"1991-05-16",NA,28.3,"Onyx"
"V1X2X3","QL6GH4","3PD3U5","M",3,"1996-07-09",NA,23.1,"Hazel"
"P49ZD1","4F3ASD","61ZSF7","M",3,"1981-09-16",NA,37.9,"Kepler"
"KY4G8M","1W4GNT","DWFFZL","M",3,"1992-07-14",NA,27.1,"Juniper"
"IRSC6X","XL7AVE","DGLT2F","F",3,"1983-08-31",NA,36,"Maple"
"5LLJMI","KCBMY9","9YJWKX","F",3,"2000-07-07",NA,19.1,"Comet"
"SXWVRI","KCBMY9","DMI0QY","F",3,"1998-07-03",NA,21.1,"Nutmeg"
"6PQJV5","WCPXHD","SQ908D","F",3,"1989-09-04",NA,30,"Comet"
"BB0JP9","YPHFHF","BH6ZQK","M",3,"2000-09-03",NA,19,"Nutmeg"
"9JC6RF","A3UZAN","X20HK8","M",3,"1992-06-30",NA,27.2,"Hazel"
"45YQV5","WDBGPF","CKFA4F","F",3,"1991-08-06",NA,28.1,"Maple"
"0P4BCQ","7U5NJD","R0VAQP","M",3,"2001-10-26",NA,17.8,"Kepler"
"6WG3MZ","D0Z114","4CHDK1","F",3,"1992-08-12",NA,27,"Bandit"
"665C2Y","DKMJ2Z","R4V1JU","F",3,"1987-02-04",NA,32.6,"Pepper"
"M5DJVP","KCBMY9","9YJWKX","M",3,"1996-05-03",NA,23.3,"Ginger"
"30YDZU","WCPXHD","MK90CB","F",3,"1984-04-23",NA,35.3,"Ranger"
"6XRGWW","L5KNS5","0PADJQ","M",4,"2012-07-24",NA,7.1,NA
"9M5YFR","9JC6RF","B6IDBA","M",4,"2000-09-15",NA,18.9,"Pepper"
"EFZPSL","PUEUBL","9CZSZM","M",4,"2002-04-01",NA,17.4,"Apollo"
"8GSXTQ","7U5NJD","6WG3MZ","M",4,"2003-05-15",NA,16.3,NA
"8NQX52","M5DJVP","45YQV5","F",4,"2004-07-07",NA,15.1,NA
"A7YLIQ","V1X2X3","SH0L6S","M",4,"2003-04-27",NA,16.3,"Quill"
"9PDPW7","4U7JTW","SXWVRI","F",4,"2006-04-15",NA,13.4,"Bandit"
"J4ZDIU","M5DJVP","Q00PB1","M",4,"2007-07-02",NA,12.2,"Sage"
"HJLX2B","S0ZHJP","79RXRZ","M",4,"1987-05-01",NA,32.3,"Freckles"
"SPHGC9","9JC6RF","DU300Q","M",4,"1996-05-17",NA,23.3,"Ranger"
"S7MA0G","K9TMQP","3SG899","F",4,"2002-03-27",NA,17.4,""
"ZMMIM4","RYP77M","IRSC6X","F",4,"1987-05-10",NA,32.3,"Quill"
"62PLX3","KCBMY9","665C2Y","M",4,"1996-04-17",NA,23.4,"Juniper"
"P844CW","7U5NJD","6WG3MZ","F",4,"2002-05-01",NA,17.3,"Onyx"
"QQ24T8","9C6NW8","45YQV5","M",4,"1995-06-02",NA,24.2,"Clover"
"7WQYLL","GA204Z","EQNDAY","M",4,"2003-06-07",NA,16.2,"Ember"
"T5S3BR","CMJQGU","30YDZU","F",4,"1992-04-14",NA,27.4,NA
"4J6BKH","PUEUBL","Q00PB1","F",4,"2002-05-09",NA,17.3,""
"PHCADH","RF8KMZ","JE4WD7","F",4,"1994-05-29",NA,25.2,""
"A792ZU","P49ZD1","8THU85","F",4,"1986-07-03",NA,33.1,""
"E06FRB","H16EC4","BT0V1U","F",4,"1993-06-16",NA,26.2,NA
"HV7LZ3","H16EC4","BT0V1U","F",4,"1992-05-19",NA,27.3,"Ember"
"IMF6BL","1Y8P15","PWY8IQ","F",4,"1991-06-26",NA,28.2,"Comet"
"YI7MWL","KUENM8","HPGUPS","F",4,"1991-07-12",NA,28.1,"Quill"
"1TGPDW","SLN0TF","73Z6NI","F",4,"1996-10-30",NA,22.8,"Ziggy"
"667KL7","6MGJYG","CSZ177","F",4,"1991-06-28",NA,28.2,""
"2HE8W4","1Y8P15","665C2Y","F",4,"1992-05-22",NA,27.3,NA
"5LG839","GA204Z","WIBIVP","M",4,"2001-10-19",NA,17.9,NA
"3C6G7Y","KCBMY9","665C2Y","F",4,"1993-10-19",NA,25.9,"Ginger"
"I6M26L","WWZRCW","MND3AC","F",4,"1991-09-26",NA,27.9,"Kepler"
"ED5PDV","81MJXH","H16XSK","M",4,"2002-03-28",NA,17.4,"Marbles"
"F3QIL7","P49ZD1","GTKL5Z","F",4,"1990-02-23",NA,29.5,"Willow"
"BR9WT6","H16EC4","6PX6PS","M",4,"2002-03-05",NA,17.5,""
"9LZVTE","S0ZHJP","8PHUQL","M",4,"1989-03-12",NA,30.5,"Ziggy"
"W37STC","L07M06","3C6G7Y","F",5,"2002-04-25",NA,17.3,"Ranger"
"SBKELE","QQ24T8","JE4WD7","F",5,"2002-06-21",NA,17.2,NA
"95XZY9","SPHGC9","6PQJV5","F",5,"2002-07-13",NA,17.1,"Ranger"
"FIL6AB","ELGVC6","I6M26L","M",5,"2002-10-11",NA,16.9,""
"23T5N2","M5DJVP","667KL7","F",5,"2003-08-22",NA,16,"Dusty"
"HH66K6","ELGVC6","HV7LZ3","M",5,"2005-05-17",NA,14.3,"Nutmeg"
"MZQCZB","SPHGC9","F2H56G","F",5,"2008-06-11",NA,11.2,"Ziggy"
"ZHVYYN","9M5YFR","KS2ZNP","F",5,"2013-08-25",NA,6,"Pepper"
"TXIF7D","8GSXTQ","ASAF1T","F",5,"2013-11-01",NA,5.8,"Willow"
"4DMIW1","LUPGF8","2HE8W4","M",5,"2003-01-14",NA,16.6,""
"3RYHBP","62PLX3","2FPL16","F",5,"2003-06-19",NA,16.2,""
"GZFGFQ","LUPGF8","HV7LZ3","F",5,"2003-09-30",NA,15.9,"Quill"
"J85R4L","5LG839","UZJGCD","F",5,"2006-05-29",NA,13.2,"Juniper"
"7VEH10","9M5YFR","L81S8M","M",5,"2007-06-27",NA,12.2,"Juniper"
"FWL00Q","BR9WT6","4J6BKH","F",5,"2008-03-16",NA,11.4,"Willow"
"LT00CV","ED5PDV","P844CW","M",5,"2008-03-20",NA,11.4,""
"NKNRU0","HJLX2B","772Q3D","F",5,"1993-05-26",NA,26.3,"Juniper"
"KUY2ED","9M5YFR","L81S8M","F",5,"2006-05-24",NA,13.3,"Freckles"
"97D38B","9LZVTE","J33BE0","F",5,"1996-04-25",NA,23.3,"Ember"
"GBLFXN","DKMJ2Z","ZMMIM4","F",5,"1992-03-10",NA,27.5,"Kepler"
"F5M8IL","KY4G8M","F3QIL7","M",5,"1997-05-23",NA,22.3,"Ranger"
"YY7782","62PLX3","HA7MFD","F",5,"2002-04-24",NA,17.3,"Ember"
"T6UQVX","YPHFHF","T5S3BR","M",5,"1999-05-18",NA,20.3,"Apollo"
"2EHR2W","B2U6J7","HV7LZ3","M",5,"1997-06-14",NA,22.2,NA
"VTZFWZ","9C6NW8","YI7MWL","M",5,"1996-05-29",NA,23.2,"Ranger"
"MQ0ZWN","LUPGF8","E06FRB","F",5,"2001-08-05",NA,18.1,"Luna"
"P9RX04","L07M06","PHCADH","F",5,"1999-06-19",NA,20.2,"Nutmeg"
"4R7L88","B2U6J7","IMF6BL","F",5,"1997-08-03",NA,22.1,NA
"KXZE07","270UK6","A792ZU","F",5,"1998-08-30",NA,21,"Juniper"
"LVK7AI","9JC6RF","NKNRU0","M",6,"2000-08-15",NA,19,NA
"JR9YMU","VTZFWZ","1TGPDW","F",6,"2002-06-13",NA,17.2,"Juniper"
"T8EB3B","T6UQVX","P9RX04","F",6,"2003-04-29",NA,16.3,"Maple"
"0HV868","SPHGC9","KXZE07","F",6,"2008-05-23",NA,11.3,"Willow"
"J1SX9Q","8GSXTQ","23T5N2","F",6,"2008-07-29",NA,11.1,""
"2DA5K8","LT00CV","FWL00Q","F",6,"2013-03-27",NA,6.4,""
"0BNY0G","8GSXTQ","23T5N2","F",6,"2013-05-01",NA,6.3,"Bandit"
"K9X9T3","7WQYLL","MZQCZB","F",6,"2013-08-07",NA,6.1,"Ranger"
"ZPVN1V","FIL6AB","SBKELE","F",6,"2013-08-08",NA,6,"Apollo"
"0F4FY1","FIL6AB","W37STC","F",6,"2013-09-07",NA,6,"Juniper"
"K1HTZ8","FIL6AB","HWQS19","F",6,"2013-11-27",NA,5.7,""
"K0M2RD","FIL6AB","95XZY9","F",6,"2013-12-21",NA,5.7,""
"E01N02","F5M8IL","YJXSIZ","F",6,"2003-04-05",NA,16.4,NA
"ZZMDQ0","ED5PDV","YY7782","F",6,"2006-05-18",NA,13.3,"Quill"
"RK53PX","F5M8IL","4R7L88","M",6,"2006-06-15",NA,13.2,"Luna"
"RR1711","VTZFWZ","LLYLLX","M",6,"2006-06-18",NA,13.2,"Ziggy"
"306H5X","0P4BCQ","MQ0ZWN","F",6,"2007-07-05",NA,12.1,""
"TFSCLL","A7YLIQ","GZFGFQ","F",6,"2007-07-22",NA,12.1,""
"H6GMER","2EHR2W","S7MA0G","F",6,"2008-04-25",NA,11.3,"Bandit"
"2EQ54B","4DMIW1","3RYHBP","F",6,"2013-06-29",NA,6.2,"Hazel"
"JJ3LDY","Q82XRQ","KUY2ED","F",6,"2013-09-13",NA,5.9,NA
"ZP1T7Z","81MJXH","97D38B","M",6,"2001-04-28",NA,18.3,"Ember"
"8W81GT","IQLWH8","GBLFXN","F",6,"2000-06-16",NA,19.2,"Quill"
"WW4JIT","ZP1T7Z","EKP7IN","F",7,"2005-05-07",NA,14.3,"Nutmeg"
"6CVAJM","LVK7AI","5LLJMI","F",7,"2005-05-16",NA,14.3,"Pepper"
"XW778S","LT00CV","H6GMER","F",7,"2013-04-13",NA,6.4,""
"MAW987","7VEH10","306H5X","F",7,"2013-05-31",NA,6.2,"Ginger"
"N0DGS1","7WQYLL","0HV868","F",7,"2013-05-21",NA,6.3,""
"LDTVKR","7WQYLL","J1SX9Q","F",7,"2013-07-04",NA,6.1,""
"CEIDU5","EFZPSL","JR9YMU","F",7,"2013-08-02",NA,6.1,"Nutmeg"
"FHHNGA","LVK7AI","5LXR2A","F",7,"2013-11-02",NA,5.8,"Kepler"
"K93DCQ","8GSXTQ","T8EB3B","F",7,"2013-10-21",NA,5.8,"Kepler"
"W7AVCH","LVK7AI","8NQX52","F",7,"2013-10-23",NA,5.8,"Hazel"
"0IG0ZS","BB0JP9","8W81GT","F",7,"2006-05-03",NA,13.3,"Onyx"
"DA82MT","J4ZDIU","TFSCLL","F",7,"2013-06-01",NA,6.2,"Clover"
"MAZX6R","RR1711","9PDPW7","F",7,"2013-07-19",NA,6.1,"Onyx"
"7UMJ31","RK53PX","ZZMDQ0","F",7,"2013-07-11",NA,6.1,NA
"QSUYI1","A7YLIQ","E01N02","F",7,"2013-08-15",NA,6,"Ziggy"
"4A4EC5","RR1711","J85R4L","F",7,"2013-09-15",NA,5.9,""
"9RHBJ9","HH66K6","6CVAJM","F",8,"2013-06-30",NA,6.2,"Ember"
"GBANSD","HH66K6","WW4JIT","F",8,"2013-08-04",NA,6.1,NA
"7I0TU2","RK53PX","0IG0ZS","F",8,"2013-07-12",NA,6.1,""
