"fixture","class","subclass","idA","idB","idC","row","value","limit","relation","note"
"Track C","d","adjacent","__dup_Y_2","Y","__union_4",1,120,120,"self-duplicate",NA
"Real 375","b","off-centre","__union_97","KUENM8","__dup_P87V3K_1",1,0.499999999999864,1.99999999997173,"genuine","anchor founder: FALSE"
"Real 375","b","off-centre","__union_114","WCPXHD","7KWRZK",2,0.500000000026034,2.00000000004909,"B1","anchor founder: FALSE"
"Real 375","b","off-centre","__union_130","WCPXHD","SQ908D",2,1.0000000000176,3.00000000005261,"B1","anchor founder: FALSE"
"Real 375","b","off-centre","__union_137","WCPXHD","__dup_MK90CB_1",2,1.50000000001845,4.00000000003712,"genuine","anchor founder: FALSE"
"Real 375","b","off-centre","__union_191","HV7LZ3","B2U6J7",4,0.999999999999924,2.99999999998495,"B1","anchor founder: FALSE"
"Real 375","b","off-centre","__union_228","LVK7AI","__dup_8NQX52_1",6,0.499999999999955,2.00000000000001,"genuine","anchor founder: FALSE"
"Real 375","c","c-arc-inside","__dup_D8FYZV_1","D8FYZV","KWKJXQ",0,24.5374741121226,25,NA,"duplicate-individual-individual"
"Real 375","c","c-arc-inside","__dup_D8FYZV_1","D8FYZV","1ZERVB",0,0.4037840391874,25,NA,"duplicate-individual-individual"
"Real 375","c","c-arc-inside","__dup_D8FYZV_1","D8FYZV","__dup_PQX22G_2",0,22.7231648054965,25,NA,"duplicate-individual-duplicate"
"Real 375","c","c-arc-inside","__dup_G8EBU9_1","G8EBU9","8DKELJ",0,0.403783782284979,25,NA,"duplicate-individual-individual"
"Real 375","c","c-arc-inside","__dup_G8EBU9_1","G8EBU9","__dup_5A6DFT_1",0,22.7231648813933,25,NA,"duplicate-individual-duplicate"
"Real 375","c","c-arc-inside","__dup_G8EBU9_1","G8EBU9","__dup_QWUKUY_2",0,24.5374741353456,25,NA,"duplicate-individual-duplicate"
"Real 375","c","c-arc-inside","M0YNUR","__dup_M0YNUR_1","0FKJ81",0,19.6391453165556,25,NA,"individual-duplicate-individual"
"Real 375","c","c-arc-inside","M0YNUR","__dup_M0YNUR_1","3XP1ZD",0,10.9754454443786,25,NA,"individual-duplicate-individual"
"Real 375","c","c-arc-inside","__dup_RYP77M_1","RYP77M","LVP52A",0,7.69162269780894,25,NA,"duplicate-individual-individual"
"Real 375","c","c-arc-inside","__dup_RYP77M_1","RYP77M","28XSME",0,5.86347620571506,25,NA,"duplicate-individual-individual"
"Real 375","c","c-arc-inside","__dup_RYP77M_1","RYP77M","__union_24",0,4.14272270748206,6,NA,"duplicate-individual-union"
"Real 375","c","c-arc-inside","__dup_D8FYZV_2","D8FYZV","Q8MRCZ",0,10.877928333296,25,NA,"duplicate-individual-individual"
"Real 375","c","c-arc-inside","__dup_D8FYZV_2","D8FYZV","RD3WB2",0,23.1678351342017,25,NA,"duplicate-individual-individual"
"Real 375","c","c-arc-inside","__dup_E2D59U_1","E2D59U","IX0KKP",0,24.3314460010186,25,NA,"duplicate-individual-individual"
"Real 375","c","c-arc-inside","__dup_E2D59U_1","E2D59U","__dup_WDBGPF_1",0,7.61252230823591,25,NA,"duplicate-individual-duplicate"
"Real 375","c","c-arc-inside","1X40V5","__dup_1X40V5_2","5A6DFT",0,11.9590444854543,25,NA,"individual-duplicate-individual"
"Real 375","c","c-arc-inside","C6E1D9","__dup_C6E1D9_1","__dup_WDBGPF_2",0,11.7667086554934,25,NA,"individual-duplicate-duplicate"
"Real 375","c","c-arc-inside","RYP77M","__dup_RYP77M_2","L2I39Y",0,10.9754458165526,25,NA,"individual-duplicate-individual"
"Real 375","c","c-arc-inside","RYP77M","__dup_RYP77M_2","C6E1D9",0,19.6391453437018,25,NA,"individual-duplicate-individual"
"Real 375","c","c-arc-inside","__dup_D8FYZV_3","D8FYZV","BM40IX",0,2.8229133477902,25,NA,"duplicate-individual-individual"
"Real 375","c","c-arc-inside","__dup_D8FYZV_3","D8FYZV","__dup_RD3WB2_1",0,24.2869095707909,25,NA,"duplicate-individual-duplicate"
"Real 375","c","c-arc-inside","CMJQGU","__dup_CMJQGU_1","AE08C8",0,11.7890809632508,25,NA,"individual-duplicate-individual"
"Real 375","c","c-arc-inside","D8FYZV","__dup_D8FYZV_4","BD7MNF",0,12.5176887386209,25,NA,"individual-duplicate-individual"
"Real 375","c","c-arc-inside","RYP77M","__dup_RYP77M_3","L2I39Y",0,2.0596884625847,25,NA,"individual-duplicate-individual"
"Real 375","c","c-arc-inside","RYP77M","__dup_RYP77M_3","__union_31",0,1.5053087279816,6,NA,"individual-duplicate-union"
"Real 375","c","c-arc-inside","7NBKWE","__dup_7NBKWE_3","RXPJPP",0,24.6813743855306,25,NA,"individual-duplicate-individual"
"Real 375","c","c-arc-inside","7NBKWE","__dup_7NBKWE_3","Y7IUMX",0,13.2742038406887,25,NA,"individual-duplicate-individual"
"Real 375","c","c-arc-inside","7NBKWE","__dup_7NBKWE_3","RJHF0G",0,19.4414346664613,25,NA,"individual-duplicate-individual"
"Real 375","c","c-arc-inside","7NBKWE","__dup_7NBKWE_3","__union_44",0,3.96170541656285,6,NA,"individual-duplicate-union"
"Real 375","c","c-arc-inside","KUENM8","__dup_KUENM8_1","HCY8QM",0,3.95041604800711,25,NA,"individual-duplicate-individual"
"Real 375","c","c-arc-inside","__dup_L31S6S_4","L31S6S","UYZ1DD",0,14.2178837019081,25,NA,"duplicate-individual-individual"
"Real 375","c","c-arc-inside","__dup_L31S6S_4","L31S6S","__dup_IP1TGT_1",0,21.3939091777123,25,NA,"duplicate-individual-duplicate"
"Real 375","c","c-arc-inside","__dup_L31S6S_4","L31S6S","__union_11",0,3.73360671401953,6,NA,"duplicate-individual-union"
"Real 375","c","c-arc-inside","__dup_MY1AEU_4","MY1AEU","A3A34I",0,13.4288288633525,25,NA,"duplicate-individual-individual"
"Real 375","c","c-arc-inside","__dup_MY1AEU_4","MY1AEU","C6E1D9",0,21.8553602519595,25,NA,"duplicate-individual-individual"
"Real 375","c","c-arc-inside","__dup_QWUKUY_3","QWUKUY","D8FYZV",0,8.1574724255006,25,NA,"duplicate-individual-individual"
"Real 375","c","c-arc-inside","__dup_QWUKUY_3","QWUKUY","AE08C8",0,24.187084757685,25,NA,"duplicate-individual-individual"
"Real 375","c","c-arc-inside","__dup_P87V3K_1","P87V3K","BD7MNF",0,0.952397687003106,25,NA,"duplicate-individual-individual"
"Real 375","c","c-arc-inside","__dup_P87V3K_1","P87V3K","RJHF0G",0,20.8785559910147,25,NA,"duplicate-individual-individual"
"Real 375","c","c-arc-inside","__dup_P87V3K_1","P87V3K","__dup_L31S6S_3",0,21.330480713422,25,NA,"duplicate-individual-duplicate"
"Real 375","c","c-arc-inside","__dup_D1WP48_2","D1WP48","5GQC24",0,0.176528713200651,25,NA,"duplicate-individual-individual"
"Real 375","c","c-arc-inside","__dup_D1WP48_2","D1WP48","__union_53",0,3.7829167725069,6,NA,"duplicate-individual-union"
"Real 375","c","c-arc-inside","L31S6S","__dup_L31S6S_5","__dup_WDBGPF_1",0,12.5681325374921,25,NA,"individual-duplicate-duplicate"
"Real 375","c","c-arc-inside","PQX22G","__dup_PQX22G_3","CBLNYE",0,12.4709445504384,25,NA,"individual-duplicate-individual"
"Real 375","c","c-arc-inside","__dup_7U5NJD_1","7U5NJD","5GQC24",0,8.83781762072728,25,NA,"duplicate-individual-individual"
"Real 375","c","c-arc-inside","__dup_7U5NJD_1","7U5NJD","__dup_CMJQGU_1",1,18.2328858072679,25,NA,"duplicate-individual-duplicate"
"Real 375","c","c-arc-inside","__dup_7U5NJD_1","7U5NJD","__dup_D1WP48_2",1,22.6581649346363,25,NA,"duplicate-individual-duplicate"
"Real 375","c","c-arc-inside","__dup_7U5NJD_1","7U5NJD","__union_21",0,0.724214863269848,6,NA,"duplicate-individual-union"
"Real 375","c","c-arc-inside","YPHFHF","__dup_YPHFHF_1","AE08C8",0,1.91428002982246,25,NA,"individual-duplicate-individual"
"Real 375","c","c-arc-inside","YPHFHF","__dup_YPHFHF_1","QWUKUY",0,19.5457503844961,25,NA,"individual-duplicate-individual"
"Real 375","c","c-arc-inside","YPHFHF","__dup_YPHFHF_1","0GDSV0",1,21.004686977643,25,NA,"individual-duplicate-individual"
"Real 375","c","c-arc-inside","YPHFHF","__dup_YPHFHF_1","__union_72",1,1.64666630116268,6,NA,"individual-duplicate-union"
"Real 375","c","c-arc-inside","__dup_5LDNWE_1","5LDNWE","HDJ52R",0,12.2612446489763,25,NA,"duplicate-individual-individual"
"Real 375","c","c-arc-inside","__dup_5LDNWE_1","5LDNWE","P87V3K",0,23.1036481770404,25,NA,"duplicate-individual-individual"
"Real 375","c","c-arc-inside","__dup_5LDNWE_1","5LDNWE","TTE0Z7",0,6.41000709553666,25,NA,"duplicate-individual-individual"
"Real 375","c","c-arc-inside","__dup_5LDNWE_1","5LDNWE","BH6ZQK",1,3.37727469120824,25,NA,"duplicate-individual-individual"
"Real 375","c","c-arc-inside","__dup_5LDNWE_1","5LDNWE","__dup_5A6DFT_2",0,13.74115041638,25,NA,"duplicate-individual-duplicate"
"Real 375","c","c-arc-inside","__dup_BYWXJB_1","BYWXJB","HJ555Y",1,7.49597726174085,25,NA,"duplicate-individual-individual"
"Real 375","c","c-arc-inside","__dup_BYWXJB_1","BYWXJB","8LWCAD",1,14.9629531745717,25,NA,"duplicate-individual-individual"
"Real 375","c","c-arc-inside","__dup_BYWXJB_1","BYWXJB","__dup_KUENM8_2",1,13.0953513024918,25,NA,"duplicate-individual-duplicate"
"Real 375","c","c-arc-inside","__dup_BYWXJB_1","BYWXJB","__union_74",1,1.80788886051377,6,NA,"duplicate-individual-union"
"Real 375","c","c-arc-inside","NPYENA","__dup_NPYENA_1","L2I39Y",0,1.61427628847168,25,NA,"individual-duplicate-individual"
"Real 375","c","c-arc-inside","NPYENA","__dup_NPYENA_1","ULQFEZ",0,10.1276817648128,25,NA,"individual-duplicate-individual"
"Real 375","c","c-arc-inside","__dup_9C6NW8_1","9C6NW8","DLZL49",1,24.5794613426539,25,NA,"duplicate-individual-individual"
"Real 375","c","c-arc-inside","__dup_9C6NW8_1","9C6NW8","__dup_6S4HCB_1",0,16.6599452531858,25,NA,"duplicate-individual-duplicate"
"Real 375","c","c-arc-inside","__dup_9C6NW8_1","9C6NW8","__dup_SLN0TF_1",1,20.1616545837548,25,NA,"duplicate-individual-duplicate"
"Real 375","c","c-arc-inside","__dup_0L5AWR_1","0L5AWR","C3IFT0",0,17.3831068023898,25,NA,"duplicate-individual-individual"
"Real 375","c","c-arc-inside","__dup_0L5AWR_1","0L5AWR","TTE0Z7",0,12.0926747779693,25,NA,"duplicate-individual-individual"
"Real 375","c","c-arc-inside","__dup_0L5AWR_1","0L5AWR","97Y192",0,14.098536063755,25,NA,"duplicate-individual-individual"
"Real 375","c","c-arc-inside","__dup_0L5AWR_1","0L5AWR","7NBKWE",0,6.08646349603638,25,NA,"duplicate-individual-individual"
"Real 375","c","c-arc-inside","__dup_0L5AWR_1","0L5AWR","__dup_SLN0TF_2",1,2.47585968840166,25,NA,"duplicate-individual-duplicate"
"Real 375","c","c-arc-inside","__dup_0L5AWR_1","0L5AWR","__union_46",0,0.540071255986355,6,NA,"duplicate-individual-union"
"Real 375","c","c-arc-inside","__dup_XL7AVE_1","XL7AVE","RKBTHH",0,23.8789401733166,25,NA,"duplicate-individual-individual"
"Real 375","c","c-arc-inside","__dup_XL7AVE_1","XL7AVE","97Y192",0,15.5680531715733,25,NA,"duplicate-individual-individual"
"Real 375","c","c-arc-inside","__dup_XL7AVE_1","XL7AVE","KNIBZ7",1,7.98496260125672,25,NA,"duplicate-individual-individual"
"Real 375","c","c-arc-inside","__dup_XL7AVE_1","XL7AVE","__dup_C6E1D9_1",1,21.9627413738414,25,NA,"duplicate-individual-duplicate"
"Real 375","c","c-arc-inside","__dup_XL7AVE_1","XL7AVE","__union_36",0,4.95498683802427,6,NA,"duplicate-individual-union"
"Real 375","c","c-arc-inside","__dup_Q7F87W_1","Q7F87W","8P17E3",1,5.69748175570881,25,NA,"duplicate-individual-individual"
"Real 375","c","c-arc-inside","__dup_Q7F87W_1","Q7F87W","8LKBV9",1,10.5440616169514,25,NA,"duplicate-individual-individual"
"Real 375","c","c-arc-inside","__dup_Q7F87W_1","Q7F87W","__union_68",1,0.147398457819062,6,NA,"duplicate-individual-union"
"Real 375","c","c-arc-inside","CAN12C","__dup_CAN12C_1","DLZL49",1,12.4071510240815,25,NA,"individual-duplicate-individual"
"Real 375","c","c-arc-inside","0ZISJ0","__dup_0ZISJ0_1","9A1LWF",0,3.13026618450803,25,NA,"individual-duplicate-individual"
"Real 375","c","c-arc-inside","0ZISJ0","__dup_0ZISJ0_1","IYYFP6",0,11.1351758069456,25,NA,"individual-duplicate-individual"
"Real 375","c","c-arc-inside","0ZISJ0","__dup_0ZISJ0_1","PQX22G",0,4.58654141502111,25,NA,"individual-duplicate-individual"
"Real 375","c","c-arc-inside","0ZISJ0","__dup_0ZISJ0_1","0FKJ81",0,15.9180118980759,25,NA,"individual-duplicate-individual"
"Real 375","c","c-arc-inside","0ZISJ0","__dup_0ZISJ0_1","8ZK9LV",0,2.00817974145993,25,NA,"individual-duplicate-individual"
"Real 375","c","c-arc-inside","0ZISJ0","__dup_0ZISJ0_1","3XP1ZD",0,2.17484428307215,25,NA,"individual-duplicate-individual"
"Real 375","c","c-arc-inside","0ZISJ0","__dup_0ZISJ0_1","SNHNX6",1,15.5050700603189,25,NA,"individual-duplicate-individual"
"Real 375","c","c-arc-inside","0ZISJ0","__dup_0ZISJ0_1","__dup_BZ8K78_1",0,23.5546365834431,25,NA,"individual-duplicate-duplicate"
"Real 375","c","c-arc-inside","0ZISJ0","__dup_0ZISJ0_1","__dup_5A6DFT_3",0,4.77649353574385,25,NA,"individual-duplicate-duplicate"
"Real 375","c","c-arc-inside","0ZISJ0","__dup_0ZISJ0_1","__dup_RYP77M_4",1,23.337435378703,25,NA,"individual-duplicate-duplicate"
"Real 375","c","c-arc-inside","0ZISJ0","__dup_0ZISJ0_1","__union_19",0,0.946829859636211,6,NA,"individual-duplicate-union"
"Real 375","c","c-arc-inside","0ZISJ0","__dup_0ZISJ0_1","__union_22",0,3.81283070443982,6,NA,"individual-duplicate-union"
"Real 375","c","c-arc-inside","LUPGF8","__dup_LUPGF8_1","HDJ52R",0,1.9142800298247,25,NA,"individual-duplicate-individual"
"Real 375","c","c-arc-inside","LUPGF8","__dup_LUPGF8_1","__dup_WDBGPF_1",0,19.5457503859558,25,NA,"individual-duplicate-duplicate"
"Real 375","c","c-arc-inside","LUPGF8","__dup_LUPGF8_1","__dup_CMJQGU_1",1,21.0046869827119,25,NA,"individual-duplicate-duplicate"
"Real 375","c","c-arc-inside","LUPGF8","__dup_LUPGF8_1","__union_73",1,1.6466663017181,6,NA,"individual-duplicate-union"
"Real 375","c","c-arc-inside","__dup_8LKBV9_1","8LKBV9","3CLMPL",1,10.5440615281289,25,NA,"duplicate-individual-individual"
"Real 375","c","c-arc-inside","__dup_8LKBV9_1","8LKBV9","__dup_G8EBU9_1",1,5.6974817792431,25,NA,"duplicate-individual-duplicate"
"Real 375","c","c-arc-inside","__dup_1W4GNT_1","1W4GNT","EZ97J5",0,22.1951210838065,25,NA,"duplicate-individual-individual"
"Real 375","c","c-arc-inside","__dup_1W4GNT_1","1W4GNT","5GQC24",0,6.7854689292725,25,NA,"duplicate-individual-individual"
"Real 375","c","c-arc-inside","__dup_1W4GNT_1","1W4GNT","BJ4J7G",0,6.68347433644287,25,NA,"duplicate-individual-individual"
"Real 375","c","c-arc-inside","__dup_1W4GNT_1","1W4GNT","7U5H8G",0,11.878125235946,25,NA,"duplicate-individual-individual"
"Real 375","c","c-arc-inside","__dup_1W4GNT_1","1W4GNT","UTU9S7",0,11.7701432627221,25,NA,"duplicate-individual-individual"
"Real 375","c","c-arc-inside","__dup_1W4GNT_1","1W4GNT","G3XCSE",1,0.13764251406564,25,NA,"duplicate-individual-individual"
"Real 375","c","c-arc-inside","__dup_1W4GNT_1","1W4GNT","__dup_6S4HCB_1",0,21.7279160455304,25,NA,"duplicate-individual-duplicate"
"Real 375","c","c-arc-inside","KCBMY9","__dup_KCBMY9_1","8DKELJ",0,11.5982566107042,25,NA,"individual-duplicate-individual"
"Real 375","c","c-arc-inside","KCBMY9","__dup_KCBMY9_1","8P17E3",1,23.329416761344,25,NA,"individual-duplicate-individual"
"Real 375","c","c-arc-inside","KCBMY9","__dup_KCBMY9_1","__dup_D8FYZV_1",1,18.9064796565288,25,NA,"individual-duplicate-duplicate"
"Real 375","c","c-arc-inside","KCBMY9","__dup_KCBMY9_1","__union_25",0,3.4949759968193,6,NA,"individual-duplicate-union"
"Real 375","c","c-arc-inside","WDBGPF","__dup_WDBGPF_3","8DKELJ",0,21.8599990812876,25,NA,"individual-duplicate-individual"
"Real 375","c","c-arc-inside","WDBGPF","__dup_WDBGPF_3","IP1TGT",0,21.421981544794,25,NA,"individual-duplicate-individual"
"Real 375","c","c-arc-inside","WDBGPF","__dup_WDBGPF_3","8UE4L3",1,3.29347100465293,25,NA,"individual-duplicate-individual"
"Real 375","c","c-arc-inside","WDBGPF","__dup_WDBGPF_3","__dup_5A6DFT_1",0,4.81376807882479,25,NA,"individual-duplicate-duplicate"
"Real 375","c","c-arc-inside","R0VAQP","__dup_R0VAQP_1","Q8MRCZ",0,20.7652589589019,25,NA,"individual-duplicate-individual"
"Real 375","c","c-arc-inside","R0VAQP","__dup_R0VAQP_1","KWKJXQ",0,1.03330013259542,25,NA,"individual-duplicate-individual"
"Real 375","c","c-arc-inside","R0VAQP","__dup_R0VAQP_1","JB7EW2",1,18.3454594599509,25,NA,"individual-duplicate-individual"
"Real 375","c","c-arc-inside","R0VAQP","__dup_R0VAQP_1","RD3WB2",0,3.07950427870281,25,NA,"individual-duplicate-individual"
"Real 375","c","c-arc-inside","R0VAQP","__dup_R0VAQP_1","__dup_CMJQGU_1",1,23.5114661998179,25,NA,"individual-duplicate-duplicate"
"Real 375","c","c-arc-inside","__dup_D0Z114_1","D0Z114","P87V3K",0,20.3356776956796,25,NA,"duplicate-individual-individual"
"Real 375","c","c-arc-inside","__dup_D0Z114_1","D0Z114","TTE0Z7",0,22.3831258738402,25,NA,"duplicate-individual-individual"
"Real 375","c","c-arc-inside","__dup_D0Z114_1","D0Z114","__dup_L31S6S_3",0,23.7393946421844,25,NA,"duplicate-individual-duplicate"
"Real 375","c","c-arc-inside","__dup_D0Z114_1","D0Z114","__dup_1X40V5_2",1,22.4339074979079,25,NA,"duplicate-individual-duplicate"
"Real 375","c","c-arc-inside","__dup_D0Z114_1","D0Z114","__dup_P87V3K_1",1,10.091542771379,25,NA,"duplicate-individual-duplicate"
"Real 375","c","c-arc-inside","MK90CB","__dup_MK90CB_1","N2JRUE",1,0.464608305030263,25,NA,"individual-duplicate-individual"
"Real 375","c","c-arc-inside","MK90CB","__dup_MK90CB_1","__dup_D8FYZV_3",1,19.6834645033906,25,NA,"individual-duplicate-duplicate"
"Real 375","c","c-arc-inside","MK90CB","__dup_MK90CB_1","__dup_RYP77M_3",1,5.41372168563099,25,NA,"individual-duplicate-duplicate"
"Real 375","c","c-arc-inside","MK90CB","__dup_MK90CB_1","__union_88",1,4.01963188573031,6,NA,"individual-duplicate-union"
"Real 375","c","c-arc-inside","__dup_L5KNS5_1","L5KNS5","__union_103",2,2.02975597758639,6,NA,"duplicate-individual-union"
"Real 375","c","c-arc-inside","__dup_9CZSZM_1","9CZSZM","0B7XRI",2,20.5446995988325,25,NA,"duplicate-individual-individual"
"Real 375","c","c-arc-inside","7U5NJD","__dup_7U5NJD_2","9C6NW8",2,9.39223752488408,25,NA,"individual-duplicate-individual"
"Real 375","c","c-arc-inside","7U5NJD","__dup_7U5NJD_2","DKDP5B",2,23.1052010910895,25,NA,"individual-duplicate-individual"
"Real 375","c","c-arc-inside","7U5NJD","__dup_7U5NJD_2","J8XZ81",2,11.8647855441764,25,NA,"individual-duplicate-individual"
"Real 375","c","c-arc-inside","7U5NJD","__dup_7U5NJD_2","__dup_BYWXJB_1",2,22.3669522644903,25,NA,"individual-duplicate-duplicate"
"Real 375","c","c-arc-inside","7U5NJD","__dup_7U5NJD_2","__dup_R0VAQP_1",2,15.2596771586013,25,NA,"individual-duplicate-duplicate"
"Real 375","c","c-arc-inside","7U5NJD","__dup_7U5NJD_2","__union_115",2,2.62798670041819,6,NA,"individual-duplicate-union"
"Real 375","c","c-arc-inside","__dup_M5DJVP_1","M5DJVP","MTSHHY",0,11.5414751597701,25,NA,"duplicate-individual-individual"
"Real 375","c","c-arc-inside","__dup_M5DJVP_1","M5DJVP","CAN12C",1,7.722008914424,25,NA,"duplicate-individual-individual"
"Real 375","c","c-arc-inside","__dup_M5DJVP_1","M5DJVP","CKFA4F",2,9.79414739062395,25,NA,"duplicate-individual-individual"
"Real 375","c","c-arc-inside","__dup_M5DJVP_1","M5DJVP","__dup_6S4HCB_1",0,5.94695237202508,25,NA,"duplicate-individual-duplicate"
"Real 375","c","c-arc-inside","__dup_M5DJVP_1","M5DJVP","__union_87",1,2.40550476578975,6,NA,"duplicate-individual-union"
"Real 375","c","c-arc-inside","__dup_SH0L6S_1","SH0L6S","RKBTHH",0,14.1216032282397,25,NA,"duplicate-individual-individual"
"Real 375","c","c-arc-inside","__dup_SH0L6S_1","SH0L6S","E2D59U",0,2.47943998858376,25,NA,"duplicate-individual-individual"
"Real 375","c","c-arc-inside","__dup_SH0L6S_1","SH0L6S","DPUHBA",0,8.32755933395596,25,NA,"duplicate-individual-individual"
"Real 375","c","c-arc-inside","__dup_SH0L6S_1","SH0L6S","FG9RYY",0,23.1867402608189,25,NA,"duplicate-individual-individual"
"Real 375","c","c-arc-inside","__dup_SH0L6S_1","SH0L6S","ESZ6I3",0,10.7581339056109,25,NA,"duplicate-individual-individual"
"Real 375","c","c-arc-inside","__dup_SH0L6S_1","SH0L6S","KNIBZ7",1,23.736263201586,25,NA,"duplicate-individual-individual"
"Real 375","c","c-arc-inside","__dup_SH0L6S_1","SH0L6S","__dup_QWUKUY_1",0,8.66904057312358,25,NA,"duplicate-individual-duplicate"
"Real 375","c","c-arc-inside","__dup_SH0L6S_1","SH0L6S","__dup_PQX22G_1",0,3.21181712772645,25,NA,"duplicate-individual-duplicate"
"Real 375","c","c-arc-inside","__dup_SH0L6S_1","SH0L6S","__dup_WDBGPF_2",0,10.1196664683131,25,NA,"duplicate-individual-duplicate"
"Real 375","c","c-arc-inside","__dup_SH0L6S_1","SH0L6S","__dup_MY1AEU_1",0,23.8903130038901,25,NA,"duplicate-individual-duplicate"
"Real 375","c","c-arc-inside","__dup_SH0L6S_1","SH0L6S","__dup_MY1AEU_3",0,14.3679732312732,25,NA,"duplicate-individual-duplicate"
"Real 375","c","c-arc-inside","__dup_SH0L6S_1","SH0L6S","__dup_D8FYZV_4",1,7.15354241343413,25,NA,"duplicate-individual-duplicate"
"Real 375","c","c-arc-inside","__dup_SH0L6S_1","SH0L6S","__dup_LUPGF8_1",2,15.955278017783,25,NA,"duplicate-individual-duplicate"
"Real 375","c","c-arc-inside","__dup_SH0L6S_1","SH0L6S","__union_20",0,2.66478962568653,6,NA,"duplicate-individual-union"
"Real 375","c","c-arc-inside","__dup_SH0L6S_1","SH0L6S","__union_34",0,2.05620419227942,6,NA,"duplicate-individual-union"
"Real 375","c","c-arc-inside","4U7JTW","__dup_4U7JTW_2","FJIB3R",2,10.5994090359061,25,NA,"individual-duplicate-individual"
"Real 375","c","c-arc-inside","4U7JTW","__dup_4U7JTW_2","__dup_0ZISJ0_1",2,7.54191636172598,25,NA,"individual-duplicate-duplicate"
"Real 375","c","c-arc-inside","4U7JTW","__dup_4U7JTW_2","__dup_8LKBV9_1",2,4.63674615890434,25,NA,"individual-duplicate-duplicate"
"Real 375","c","c-arc-inside","4U7JTW","__dup_4U7JTW_2","__union_125",2,1.33063000647565,6,NA,"individual-duplicate-union"
"Real 375","c","c-arc-inside","__dup_Q00PB1_1","Q00PB1","WFGRY3",2,0.461825038259402,25,NA,"duplicate-individual-individual"
"Real 375","c","c-arc-inside","__dup_Q00PB1_1","Q00PB1","LUPGF8",2,15.9488844094466,25,NA,"duplicate-individual-individual"
"Real 375","c","c-arc-inside","__dup_Q00PB1_1","Q00PB1","__dup_0L5AWR_1",2,16.491475068022,25,NA,"duplicate-individual-duplicate"
"Real 375","c","c-arc-inside","__dup_79RXRZ_1","79RXRZ","SQ908D",2,3.84951265123939,25,NA,"duplicate-individual-individual"
"Real 375","c","c-arc-inside","__dup_79RXRZ_1","79RXRZ","J33BE0",2,24.1695355913247,25,NA,"duplicate-individual-individual"
"Real 375","c","c-arc-inside","__dup_79RXRZ_1","79RXRZ","__dup_MK90CB_1",2,20.1859752170578,25,NA,"duplicate-individual-duplicate"
"Real 375","c","c-arc-inside","K9TMQP","__dup_K9TMQP_1","8DKELJ",0,2.25608398895148,25,NA,"individual-duplicate-individual"
"Real 375","c","c-arc-inside","K9TMQP","__dup_K9TMQP_1","8P17E3",1,12.8720958270782,25,NA,"individual-duplicate-individual"
"Real 375","c","c-arc-inside","K9TMQP","__dup_K9TMQP_1","KCBMY9",2,5.9296220810478,25,NA,"individual-duplicate-individual"
"Real 375","c","c-arc-inside","K9TMQP","__dup_K9TMQP_1","MY1AEU",0,10.4751525973944,25,NA,"individual-duplicate-individual"
"Real 375","c","c-arc-inside","K9TMQP","__dup_K9TMQP_1","SLN0TF",1,16.2193327753356,25,NA,"individual-duplicate-individual"
"Real 375","c","c-arc-inside","RYP77M","__dup_RYP77M_5","A3A34I",0,14.7940312340336,25,NA,"individual-duplicate-individual"
"Real 375","c","c-arc-inside","RYP77M","__dup_RYP77M_5","C2YD43",0,0.966310149654859,25,NA,"individual-duplicate-individual"
"Real 375","c","c-arc-inside","RYP77M","__dup_RYP77M_5","9CZSZM",2,21.7679027298342,25,NA,"individual-duplicate-individual"
"Real 375","c","c-arc-inside","RYP77M","__dup_RYP77M_5","__dup_L31S6S_2",0,13.167106454859,25,NA,"individual-duplicate-duplicate"
"Real 375","c","c-arc-inside","RYP77M","__dup_RYP77M_5","__dup_1X40V5_2",1,4.44995975938801,25,NA,"individual-duplicate-duplicate"
"Real 375","c","c-arc-inside","RYP77M","__dup_RYP77M_5","__union_27",0,0.92404172068256,6,NA,"individual-duplicate-union"
"Real 375","c","c-arc-inside","__dup_KCBMY9_2","KCBMY9","GBGWZD",2,7.79834946339752,25,NA,"duplicate-individual-individual"
"Real 375","c","c-arc-inside","__dup_KCBMY9_2","KCBMY9","B6IDBA",2,21.2617062518967,25,NA,"duplicate-individual-individual"
"Real 375","c","c-arc-inside","__dup_9C6NW8_2","9C6NW8","SLN0TF",1,9.19178162206398,25,NA,"duplicate-individual-individual"
"Real 375","c","c-arc-inside","__dup_9C6NW8_2","9C6NW8","N2JRUE",1,18.7951443324736,25,NA,"duplicate-individual-individual"
"Real 375","c","c-arc-inside","__dup_9C6NW8_2","9C6NW8","D0CW4E",2,16.6575898602709,25,NA,"duplicate-individual-individual"
"Real 375","c","c-arc-inside","__dup_9C6NW8_2","9C6NW8","__dup_D8FYZV_3",1,5.89967470316339,25,NA,"duplicate-individual-duplicate"
"Real 375","c","c-arc-inside","__dup_9C6NW8_2","9C6NW8","__dup_SLN0TF_2",1,19.1073466818437,25,NA,"duplicate-individual-duplicate"
"Real 375","c","c-arc-inside","__dup_9C6NW8_2","9C6NW8","__dup_CAN12C_1",2,18.2456858149544,25,NA,"duplicate-individual-duplicate"
"Real 375","c","c-arc-inside","EQNDAY","__dup_EQNDAY_1","KK1QYR",1,12.2937676002402,25,NA,"individual-duplicate-individual"
"Real 375","c","c-arc-inside","EQNDAY","__dup_EQNDAY_1","M0YNUR",1,14.8984795564947,25,NA,"individual-duplicate-individual"
"Real 375","c","c-arc-inside","EQNDAY","__dup_EQNDAY_1","R4V1JU",1,6.60753351925547,25,NA,"individual-duplicate-individual"
"Real 375","c","c-arc-inside","EQNDAY","__dup_EQNDAY_1","__dup_4U7JTW_1",2,23.4469307373125,25,NA,"individual-duplicate-duplicate"
"Real 375","c","c-arc-inside","EQNDAY","__dup_EQNDAY_1","__union_98",1,3.5831594367197,6,NA,"individual-duplicate-union"
"Real 375","c","c-arc-inside","EQNDAY","__dup_EQNDAY_1","__union_106",2,0.155380430713872,6,NA,"individual-duplicate-union"
"Real 375","c","c-arc-inside","CMJQGU","__dup_CMJQGU_2","SQ908D",2,11.7990978837485,25,NA,"individual-duplicate-individual"
"Real 375","c","c-arc-inside","CMJQGU","__dup_CMJQGU_2","7U5H8G",0,6.34763076718747,25,NA,"individual-duplicate-individual"
"Real 375","c","c-arc-inside","CMJQGU","__dup_CMJQGU_2","N2JRUE",1,13.5516972866956,25,NA,"individual-duplicate-individual"
"Real 375","c","c-arc-inside","Q00PB1","__dup_Q00PB1_2","QL6GH4",2,10.6203566432127,25,NA,"individual-duplicate-individual"
"Real 375","c","c-arc-inside","__dup_H16EC4_1","H16EC4","UCXEK5",0,4.48241094312562,25,NA,"duplicate-individual-individual"
"Real 375","c","c-arc-inside","__dup_H16EC4_1","H16EC4","1SIP4V",1,8.11713859496607,25,NA,"duplicate-individual-individual"
"Real 375","c","c-arc-inside","__dup_H16EC4_1","H16EC4","0B7XRI",2,7.92484381805985,25,NA,"duplicate-individual-individual"
"Real 375","c","c-arc-inside","__dup_H16EC4_1","H16EC4","__dup_WDBGPF_1",0,0.93340683964724,25,NA,"duplicate-individual-duplicate"
"Real 375","c","c-arc-inside","__dup_H16EC4_1","H16EC4","__dup_R0VAQP_1",2,9.86462867518317,25,NA,"duplicate-individual-duplicate"
"Real 375","c","c-arc-inside","1Y8P15","__dup_1Y8P15_1","S0022Z",1,15.8188218070978,25,NA,"individual-duplicate-individual"
"Real 375","c","c-arc-inside","1Y8P15","__dup_1Y8P15_1","RYP77M",1,21.2930877228964,25,NA,"individual-duplicate-individual"
"Real 375","c","c-arc-inside","1Y8P15","__dup_1Y8P15_1","3CLMPL",1,17.5383103098374,25,NA,"individual-duplicate-individual"
"Real 375","c","c-arc-inside","1Y8P15","__dup_1Y8P15_1","42M0Y8",2,7.8135915435845,25,NA,"individual-duplicate-individual"
"Real 375","c","c-arc-inside","1Y8P15","__dup_1Y8P15_1","__dup_MY1AEU_4",1,14.4946740497534,25,NA,"individual-duplicate-duplicate"
"Real 375","c","c-arc-inside","__dup_KUENM8_3","KUENM8","C3IFT0",0,6.57223784700637,25,NA,"duplicate-individual-individual"
"Real 375","c","c-arc-inside","__dup_KUENM8_3","KUENM8","KWKJXQ",0,6.70910932669878,25,NA,"duplicate-individual-individual"
"Real 375","c","c-arc-inside","__dup_KUENM8_3","KUENM8","D8FYZV",0,22.743436439716,25,NA,"duplicate-individual-individual"
"Real 375","c","c-arc-inside","__dup_KUENM8_3","KUENM8","31UG06",2,0.502724302944841,25,NA,"duplicate-individual-individual"
"Real 375","c","c-arc-inside","__dup_KUENM8_3","KUENM8","L31S6S",0,12.023178615935,25,NA,"duplicate-individual-individual"
"Real 375","c","c-arc-inside","__dup_KUENM8_3","KUENM8","UCXEK5",0,12.9544365814663,25,NA,"duplicate-individual-individual"
"Real 375","c","c-arc-inside","__dup_KUENM8_3","KUENM8","1W4GNT",1,23.0280198739864,25,NA,"duplicate-individual-individual"
"Real 375","c","c-arc-inside","__dup_KUENM8_3","KUENM8","VRSDUM",1,9.00407235251298,25,NA,"duplicate-individual-individual"
"Real 375","c","c-arc-inside","__dup_KUENM8_3","KUENM8","__union_10",0,2.32669312466888,6,NA,"duplicate-individual-union"
"Real 375","c","c-arc-inside","__dup_KUENM8_3","KUENM8","__union_14",0,3.62590454236145,6,NA,"duplicate-individual-union"
"Real 375","c","c-arc-inside","__dup_SLN0TF_3","SLN0TF","9R28KQ",2,9.01181583642946,25,NA,"duplicate-individual-individual"
"Real 375","c","c-arc-inside","__dup_SLN0TF_3","SLN0TF","L31S6S",0,24.9437861836948,25,NA,"duplicate-individual-individual"
"Real 375","c","c-arc-inside","__dup_SLN0TF_3","SLN0TF","P2VQJR",1,2.69912725704616,25,NA,"duplicate-individual-individual"
"Real 375","c","c-arc-inside","__dup_6MGJYG_1","6MGJYG","4WWCPB",1,18.2717604917303,25,NA,"duplicate-individual-individual"
"Real 375","c","c-arc-inside","__dup_6MGJYG_1","6MGJYG","__dup_MK90CB_1",2,17.5103092751085,25,NA,"duplicate-individual-duplicate"
"Real 375","c","c-arc-inside","WIBIVP","__dup_WIBIVP_1","DKMJ2Z",2,19.6904082854809,25,NA,"individual-duplicate-individual"
"Real 375","c","c-arc-inside","WIBIVP","__dup_WIBIVP_1","GBGWZD",2,16.4113628392418,25,NA,"individual-duplicate-individual"
"Real 375","c","c-arc-inside","WIBIVP","__dup_WIBIVP_1","B6IDBA",2,9.71986754881271,25,NA,"individual-duplicate-individual"
"Real 375","c","c-arc-inside","__dup_GTKL5Z_1","GTKL5Z","DLZL49",1,16.7423120738617,25,NA,"duplicate-individual-individual"
"Real 375","c","c-arc-inside","__dup_GTKL5Z_1","GTKL5Z","XEE9GT",1,8.85080687793685,25,NA,"duplicate-individual-individual"
"Real 375","c","c-arc-inside","__dup_GTKL5Z_1","GTKL5Z","CAN12C",1,23.7028781062396,25,NA,"duplicate-individual-individual"
"Real 375","c","c-arc-inside","__dup_GTKL5Z_1","GTKL5Z","79QBRD",1,20.9330361177366,25,NA,"duplicate-individual-individual"
"Real 375","c","c-arc-inside","__dup_GTKL5Z_1","GTKL5Z","G3XCSE",1,11.8533958158734,25,NA,"duplicate-individual-individual"
"Real 375","c","c-arc-inside","__dup_GTKL5Z_1","GTKL5Z","__dup_1W4GNT_1",2,7.89004021423882,25,NA,"duplicate-individual-duplicate"
"Real 375","c","c-arc-inside","8PHUQL","__dup_8PHUQL_1","9R28KQ",2,5.7507724639847,25,NA,"individual-duplicate-individual"
"Real 375","c","c-arc-inside","8PHUQL","__dup_8PHUQL_1","Q8MRCZ",0,3.72420881029261,25,NA,"individual-duplicate-individual"
"Real 375","c","c-arc-inside","8PHUQL","__dup_8PHUQL_1","WDBGPF",0,9.96726546844148,25,NA,"individual-duplicate-individual"
"Real 375","c","c-arc-inside","8PHUQL","__dup_8PHUQL_1","RD3WB2",0,21.4717790220015,25,NA,"individual-duplicate-individual"
"Real 375","c","c-arc-inside","8PHUQL","__dup_8PHUQL_1","GTKL5Z",1,7.2956129903583,25,NA,"individual-duplicate-individual"
"Real 375","c","c-arc-inside","8PHUQL","__dup_8PHUQL_1","__dup_IP1TGT_1",0,10.5783778471848,25,NA,"individual-duplicate-duplicate"
"Real 375","c","c-arc-inside","JE4WD7","__dup_JE4WD7_1","Y1XZEW",2,19.7872914987206,25,NA,"individual-duplicate-individual"
"Real 375","c","c-arc-inside","JE4WD7","__dup_JE4WD7_1","42M0Y8",2,16.5092269193001,25,NA,"individual-duplicate-individual"
"Real 375","c","c-arc-inside","JE4WD7","__dup_JE4WD7_1","DWFFZL",2,14.3087555379216,25,NA,"individual-duplicate-individual"
"Real 375","c","c-arc-inside","JE4WD7","__dup_JE4WD7_1","5LXR2A",3,3.22183442316807,25,NA,"individual-duplicate-individual"
"Real 375","c","c-arc-inside","JE4WD7","__dup_JE4WD7_1","__dup_NPYENA_1",2,23.7611512488943,25,NA,"individual-duplicate-duplicate"
"Real 375","c","c-arc-inside","JE4WD7","__dup_JE4WD7_1","__dup_1W4GNT_1",2,13.2849492041972,25,NA,"individual-duplicate-duplicate"
"Real 375","c","c-arc-inside","__dup_6PQJV5_1","6PQJV5","WDUGSA",1,18.9615127786964,25,NA,"duplicate-individual-individual"
"Real 375","c","c-arc-inside","__dup_6PQJV5_1","6PQJV5","S0022Z",1,20.3117857646951,25,NA,"duplicate-individual-individual"
"Real 375","c","c-arc-inside","__dup_6PQJV5_1","6PQJV5","31UG06",2,7.86281364894364,25,NA,"duplicate-individual-individual"
"Real 375","c","c-arc-inside","__dup_6PQJV5_1","6PQJV5","RYP77M",1,1.5232108217972,25,NA,"duplicate-individual-individual"
"Real 375","c","c-arc-inside","__dup_6PQJV5_1","6PQJV5","GTKL5Z",1,11.9064416390654,25,NA,"duplicate-individual-individual"
"Real 375","c","c-arc-inside","__dup_6PQJV5_1","6PQJV5","1Y8P15",2,17.5959041490228,25,NA,"duplicate-individual-individual"
"Real 375","c","c-arc-inside","__dup_6PQJV5_1","6PQJV5","270UK6",2,11.9144019819145,25,NA,"duplicate-individual-individual"
"Real 375","c","c-arc-inside","__dup_6PQJV5_1","6PQJV5","__dup_D1WP48_2",1,10.2620331941081,25,NA,"duplicate-individual-duplicate"
"Real 375","c","c-arc-inside","__dup_ELGVC6_1","ELGVC6","MTSHHY",0,14.1545948674991,25,NA,"duplicate-individual-individual"
"Real 375","c","c-arc-inside","__dup_ELGVC6_1","ELGVC6","IX0KKP",0,9.36904210205664,25,NA,"duplicate-individual-individual"
"Real 375","c","c-arc-inside","__dup_ELGVC6_1","ELGVC6","R3BBV1",0,7.6959374127586,25,NA,"duplicate-individual-individual"
"Real 375","c","c-arc-inside","__dup_ELGVC6_1","ELGVC6","D472PY",1,0.535620286459098,25,NA,"duplicate-individual-individual"
"Real 375","c","c-arc-inside","__dup_ELGVC6_1","ELGVC6","PWY8IQ",3,20.5211923872652,25,NA,"duplicate-individual-individual"
"Real 375","c","c-arc-inside","__dup_ELGVC6_1","ELGVC6","__dup_WDBGPF_1",0,15.3976896279467,25,NA,"duplicate-individual-duplicate"
"Real 375","c","c-arc-inside","__dup_ELGVC6_1","ELGVC6","__dup_D8FYZV_4",1,6.17165139074336,25,NA,"duplicate-individual-duplicate"
"Real 375","c","c-arc-inside","__dup_ELGVC6_1","ELGVC6","__dup_9C6NW8_1",2,4.4259710110918,25,NA,"duplicate-individual-duplicate"
"Real 375","c","c-arc-inside","__dup_ELGVC6_1","ELGVC6","__dup_1Y8P15_1",3,18.3648636858096,25,NA,"duplicate-individual-duplicate"
"Real 375","c","c-arc-inside","__dup_ELGVC6_1","ELGVC6","__union_16",0,3.25458351311749,6,NA,"duplicate-individual-union"
"Real 375","c","c-arc-inside","__dup_ELGVC6_1","ELGVC6","__union_158",3,1.19424136410831,6,NA,"duplicate-individual-union"
"Real 375","c","c-arc-inside","__dup_M5DJVP_2","M5DJVP","5LLJMI",3,13.132956648031,25,NA,"duplicate-individual-individual"
"Real 375","c","c-arc-inside","__dup_ELGVC6_2","ELGVC6","8933XB",1,9.41973610991847,25,NA,"duplicate-individual-individual"
"Real 375","c","c-arc-inside","__dup_ELGVC6_2","ELGVC6","CEA455",1,7.27642895753618,25,NA,"duplicate-individual-individual"
"Real 375","c","c-arc-inside","__dup_ELGVC6_2","ELGVC6","0Q077X",1,9.04143363686931,25,NA,"duplicate-individual-individual"
"Real 375","c","c-arc-inside","__dup_ELGVC6_2","ELGVC6","FE03JV",1,24.715920260509,25,NA,"duplicate-individual-individual"
"Real 375","c","c-arc-inside","__dup_ELGVC6_2","ELGVC6","KUENM8",1,0.777641128516558,25,NA,"duplicate-individual-individual"
"Real 375","c","c-arc-inside","__dup_ELGVC6_2","ELGVC6","J8XZ81",2,9.51080386098576,25,NA,"duplicate-individual-individual"
"Real 375","c","c-arc-inside","__dup_ELGVC6_2","ELGVC6","__dup_E2D59U_1",1,12.3538528206341,25,NA,"duplicate-individual-duplicate"
"Real 375","c","c-arc-inside","__dup_ELGVC6_2","ELGVC6","__dup_1X40V5_2",1,12.298115607729,25,NA,"duplicate-individual-duplicate"
"Real 375","c","c-arc-inside","__dup_ELGVC6_2","ELGVC6","__dup_P87V3K_1",1,11.6751783318776,25,NA,"duplicate-individual-duplicate"
"Real 375","c","c-arc-inside","__dup_ELGVC6_2","ELGVC6","__dup_L31S6S_5",1,1.82188971237768,25,NA,"duplicate-individual-duplicate"
"Real 375","c","c-arc-inside","__dup_ELGVC6_2","ELGVC6","__dup_BYWXJB_1",2,22.515204533418,25,NA,"duplicate-individual-duplicate"
"Real 375","c","c-arc-inside","__dup_ELGVC6_2","ELGVC6","__dup_H16EC4_1",3,0.379149576743153,25,NA,"duplicate-individual-duplicate"
"Real 375","c","c-arc-inside","__dup_ELGVC6_2","ELGVC6","__union_85",1,3.69823627185389,6,NA,"duplicate-individual-union"
"Real 375","c","c-arc-inside","__dup_ELGVC6_2","ELGVC6","__union_100",1,5.9313199301166,6,NA,"duplicate-individual-union"
"Real 375","c","c-arc-inside","__dup_F2H56G_1","F2H56G","8DKELJ",0,1.04301376238454,25,NA,"duplicate-individual-individual"
"Real 375","c","c-arc-inside","__dup_F2H56G_1","F2H56G","S0022Z",1,4.72900642085701,25,NA,"duplicate-individual-individual"
"Real 375","c","c-arc-inside","__dup_F2H56G_1","F2H56G","JB7EW2",1,8.57620284426783,25,NA,"duplicate-individual-individual"
"Real 375","c","c-arc-inside","__dup_F2H56G_1","F2H56G","B948B1",0,6.37965312435891,25,NA,"duplicate-individual-individual"
"Real 375","c","c-arc-inside","__dup_F2H56G_1","F2H56G","C6E1D9",0,20.0252686970504,25,NA,"duplicate-individual-individual"
"Real 375","c","c-arc-inside","__dup_F2H56G_1","F2H56G","RYP77M",1,21.9369236077421,25,NA,"duplicate-individual-individual"
"Real 375","c","c-arc-inside","__dup_F2H56G_1","F2H56G","D1WP48",1,22.0535767385196,25,NA,"duplicate-individual-individual"
"Real 375","c","c-arc-inside","__dup_F2H56G_1","F2H56G","GBGWZD",2,18.0732912772747,25,NA,"duplicate-individual-individual"
"Real 375","c","c-arc-inside","__dup_F2H56G_1","F2H56G","DKDP5B",2,22.0086769300054,25,NA,"duplicate-individual-individual"
"Real 375","c","c-arc-inside","__dup_F2H56G_1","F2H56G","__dup_5A6DFT_1",0,16.6758987388618,25,NA,"duplicate-individual-duplicate"
"Real 375","c","c-arc-inside","__dup_F2H56G_1","F2H56G","__dup_PQX22G_2",0,13.7571761523687,25,NA,"duplicate-individual-duplicate"
"Real 375","c","c-arc-inside","__dup_F2H56G_1","F2H56G","__dup_4U7JTW_1",2,13.6555443918457,25,NA,"duplicate-individual-duplicate"
"Real 375","c","c-arc-inside","__dup_F2H56G_1","F2H56G","__dup_R0VAQP_1",2,16.8993688072689,25,NA,"duplicate-individual-duplicate"
"Real 375","c","c-arc-inside","__dup_F2H56G_1","F2H56G","__union_35",0,3.90953475486601,6,NA,"duplicate-individual-union"
"Real 375","c","c-arc-inside","__dup_F2H56G_1","F2H56G","__union_106",2,2.33064664938565,6,NA,"duplicate-individual-union"
"Real 375","c","c-arc-inside","__dup_ASAF1T_1","ASAF1T","772Q3D",2,10.9215756097774,25,NA,"duplicate-individual-individual"
"Real 375","c","c-arc-inside","__dup_ASAF1T_1","ASAF1T","YJXSIZ",3,2.29656570288966,25,NA,"duplicate-individual-individual"
"Real 375","c","c-arc-inside","__dup_ASAF1T_1","ASAF1T","__dup_LUPGF8_1",2,18.3507651478101,25,NA,"duplicate-individual-duplicate"
"Real 375","c","c-arc-inside","__dup_LUPGF8_2","LUPGF8","Q8MRCZ",0,3.21288182431158,25,NA,"duplicate-individual-individual"
"Real 375","c","c-arc-inside","__dup_LUPGF8_2","LUPGF8","MTSHHY",0,7.68057149504677,25,NA,"duplicate-individual-individual"
"Real 375","c","c-arc-inside","__dup_LUPGF8_2","LUPGF8","4EEKV7",0,20.057561956125,25,NA,"duplicate-individual-individual"
"Real 375","c","c-arc-inside","__dup_LUPGF8_2","LUPGF8","BM40IX",0,24.2585805301939,25,NA,"duplicate-individual-individual"
"Real 375","c","c-arc-inside","__dup_LUPGF8_2","LUPGF8","YAV1NW",0,17.7859658856777,25,NA,"duplicate-individual-individual"
"Real 375","c","c-arc-inside","__dup_LUPGF8_2","LUPGF8","RD3WB2",0,9.41916322652774,25,NA,"duplicate-individual-individual"
"Real 375","c","c-arc-inside","__dup_LUPGF8_2","LUPGF8","R3BBV1",0,6.48070558591363,25,NA,"duplicate-individual-individual"
"Real 375","c","c-arc-inside","__dup_LUPGF8_2","LUPGF8","Q7F87W",1,5.74305423180277,25,NA,"duplicate-individual-individual"
"Real 375","c","c-arc-inside","__dup_LUPGF8_2","LUPGF8","3GW5WC",1,12.2022244129795,25,NA,"duplicate-individual-individual"
"Real 375","c","c-arc-inside","__dup_LUPGF8_2","LUPGF8","GA204Z",3,24.2671641559968,25,NA,"duplicate-individual-individual"
"Real 375","c","c-arc-inside","__dup_LUPGF8_2","LUPGF8","__dup_7NBKWE_2",0,18.2354695733382,25,NA,"duplicate-individual-duplicate"
"Real 375","c","c-arc-inside","__dup_LUPGF8_2","LUPGF8","__dup_D1WP48_1",1,18.7229443731688,25,NA,"duplicate-individual-duplicate"
"Real 375","c","c-arc-inside","__dup_LUPGF8_2","LUPGF8","__dup_RYP77M_2",1,20.3475111705263,25,NA,"duplicate-individual-duplicate"
"Real 375","c","c-arc-inside","__dup_LUPGF8_2","LUPGF8","__dup_Q7F87W_1",2,1.49219313218838,25,NA,"duplicate-individual-duplicate"
"Real 375","c","c-arc-inside","__dup_LUPGF8_2","LUPGF8","__dup_EQNDAY_1",3,15.0501092607012,25,NA,"duplicate-individual-duplicate"
"Real 375","c","c-arc-inside","__dup_LUPGF8_2","LUPGF8","__union_152",3,4.75754017890754,6,NA,"duplicate-individual-union"
"Real 375","c","c-arc-inside","__dup_2FPL16_1","2FPL16","4WWCPB",1,4.21985647268836,25,NA,"duplicate-individual-individual"
"Real 375","c","c-arc-inside","__dup_2FPL16_1","2FPL16","Q8MRCZ",0,7.97532371792384,25,NA,"duplicate-individual-individual"
"Real 375","c","c-arc-inside","__dup_2FPL16_1","2FPL16","G8EBU9",0,7.02764256469609,25,NA,"duplicate-individual-individual"
"Real 375","c","c-arc-inside","__dup_2FPL16_1","2FPL16","4EEKV7",0,15.7620213909463,25,NA,"duplicate-individual-individual"
"Real 375","c","c-arc-inside","__dup_2FPL16_1","2FPL16","6S4HCB",0,16.8593345732667,25,NA,"duplicate-individual-individual"
"Real 375","c","c-arc-inside","__dup_2FPL16_1","2FPL16","5GQC24",0,1.85833975090942,25,NA,"duplicate-individual-individual"
"Real 375","c","c-arc-inside","__dup_2FPL16_1","2FPL16","YAV1NW",0,1.35725974301357,25,NA,"duplicate-individual-individual"
"Real 375","c","c-arc-inside","__dup_2FPL16_1","2FPL16","BJ4J7G",0,6.87742513201299,25,NA,"duplicate-individual-individual"
"Real 375","c","c-arc-inside","__dup_2FPL16_1","2FPL16","RD3WB2",0,12.7890338972718,25,NA,"duplicate-individual-individual"
"Real 375","c","c-arc-inside","__dup_2FPL16_1","2FPL16","7U5H8G",0,8.57492749913213,25,NA,"duplicate-individual-individual"
"Real 375","c","c-arc-inside","__dup_2FPL16_1","2FPL16","UTU9S7",0,17.6528336246357,25,NA,"duplicate-individual-individual"
"Real 375","c","c-arc-inside","__dup_2FPL16_1","2FPL16","6MGJYG",1,23.0655587631604,25,NA,"duplicate-individual-individual"
"Real 375","c","c-arc-inside","__dup_2FPL16_1","2FPL16","3CLMPL",1,16.586127399464,25,NA,"duplicate-individual-individual"
"Real 375","c","c-arc-inside","__dup_2FPL16_1","2FPL16","4U7JTW",2,3.93973092877766,25,NA,"duplicate-individual-individual"
"Real 375","c","c-arc-inside","__dup_2FPL16_1","2FPL16","665C2Y",3,8.9822198631712,25,NA,"duplicate-individual-individual"
"Real 375","c","c-arc-inside","__dup_2FPL16_1","2FPL16","__dup_QWUKUY_2",0,17.1409778969371,25,NA,"duplicate-individual-duplicate"
"Real 375","c","c-arc-inside","__dup_2FPL16_1","2FPL16","__dup_6S4HCB_1",0,13.2959140532573,25,NA,"duplicate-individual-duplicate"
"Real 375","c","c-arc-inside","__dup_2FPL16_1","2FPL16","__dup_I8ABQE_1",0,16.0477206337668,25,NA,"duplicate-individual-duplicate"
"Real 375","c","c-arc-inside","__dup_2FPL16_1","2FPL16","__dup_G8EBU9_1",1,6.75395815894188,25,NA,"duplicate-individual-duplicate"
"Real 375","c","c-arc-inside","__dup_2FPL16_1","2FPL16","__dup_BH6ZQK_1",2,11.9229563644299,25,NA,"duplicate-individual-duplicate"
"Real 375","c","c-arc-inside","__dup_2FPL16_1","2FPL16","__union_31",0,2.2557905504281,6,NA,"duplicate-individual-union"
"Real 375","c","c-arc-inside","__dup_2FPL16_1","2FPL16","__union_56",0,4.88951502806379,6,NA,"duplicate-individual-union"
"Real 375","c","c-arc-inside","ED5PDV","__dup_ED5PDV_1","SLN0TF",1,24.8158805180965,25,NA,"individual-duplicate-individual"
"Real 375","c","c-arc-inside","ED5PDV","__dup_ED5PDV_1","1SIP4V",1,20.5083286605794,25,NA,"individual-duplicate-individual"
"Real 375","c","c-arc-inside","ED5PDV","__dup_ED5PDV_1","X6TGUV",1,2.13701074912254,25,NA,"individual-duplicate-individual"
"Real 375","c","c-arc-inside","ED5PDV","__dup_ED5PDV_1","LUPGF8",2,15.5322359178163,25,NA,"individual-duplicate-individual"
"Real 375","c","c-arc-inside","ED5PDV","__dup_ED5PDV_1","H16XSK",3,20.4843096245367,25,NA,"individual-duplicate-individual"
"Real 375","c","c-arc-inside","ED5PDV","__dup_ED5PDV_1","__dup_SLN0TF_1",1,6.76354482415427,25,NA,"individual-duplicate-duplicate"
"Real 375","c","c-arc-inside","ED5PDV","__dup_ED5PDV_1","__dup_7U5NJD_2",3,17.7713406892377,25,NA,"individual-duplicate-duplicate"
"Real 375","c","c-arc-inside","__dup_772Q3D_1","772Q3D","JB7EW2",1,19.386113091555,25,NA,"duplicate-individual-individual"
"Real 375","c","c-arc-inside","__dup_772Q3D_1","772Q3D","BYWXJB",1,9.00000067527973,25,NA,"duplicate-individual-individual"
"Real 375","c","c-arc-inside","__dup_772Q3D_1","772Q3D","X6TGUV",1,14.4956276237936,25,NA,"duplicate-individual-individual"
"Real 375","c","c-arc-inside","__dup_772Q3D_1","772Q3D","YPHFHF",2,7.59465710498001,25,NA,"duplicate-individual-individual"
"Real 375","c","c-arc-inside","__dup_772Q3D_1","772Q3D","__dup_E2D59U_1",1,9.14515381572207,25,NA,"duplicate-individual-duplicate"
"Real 375","c","c-arc-inside","__dup_772Q3D_1","772Q3D","__dup_CMJQGU_1",1,1.02756394141426,25,NA,"duplicate-individual-duplicate"
"Real 375","c","c-arc-inside","__dup_772Q3D_1","772Q3D","__dup_KUENM8_2",1,23.5229273280074,25,NA,"duplicate-individual-duplicate"
"Real 375","c","c-arc-inside","__dup_772Q3D_1","772Q3D","__dup_CMJQGU_2",3,3.39880781788774,25,NA,"duplicate-individual-duplicate"
"Real 375","c","c-arc-inside","DKMJ2Z","__dup_DKMJ2Z_1","C3IFT0",0,20.7909725310939,25,NA,"individual-duplicate-individual"
"Real 375","c","c-arc-inside","DKMJ2Z","__dup_DKMJ2Z_1","QL6GH4",2,3.88023918181558,25,NA,"individual-duplicate-individual"
"Real 375","c","c-arc-inside","DKMJ2Z","__dup_DKMJ2Z_1","L2I39Y",0,3.41420181842309,25,NA,"individual-duplicate-individual"
"Real 375","c","c-arc-inside","DKMJ2Z","__dup_DKMJ2Z_1","UCXEK5",0,9.10507516235558,25,NA,"individual-duplicate-individual"
"Real 375","c","c-arc-inside","DKMJ2Z","__dup_DKMJ2Z_1","ULQFEZ",0,20.8836581545349,25,NA,"individual-duplicate-individual"
"Real 375","c","c-arc-inside","DKMJ2Z","__dup_DKMJ2Z_1","SNHNX6",1,1.68420178414005,25,NA,"individual-duplicate-individual"
"Real 375","c","c-arc-inside","DKMJ2Z","__dup_DKMJ2Z_1","__dup_E2D59U_1",1,0.656491285824116,25,NA,"individual-duplicate-duplicate"
"Real 375","c","c-arc-inside","DKMJ2Z","__dup_DKMJ2Z_1","__dup_Q00PB1_2",3,12.7127899104998,25,NA,"individual-duplicate-duplicate"
"Real 375","c","c-arc-inside","DKMJ2Z","__dup_DKMJ2Z_1","__union_14",0,5.6616270662289,6,NA,"individual-duplicate-union"
"Real 375","c","c-arc-inside","__dup_KY4G8M_1","KY4G8M","MND3AC",3,0.39822672406021,25,NA,"duplicate-individual-individual"
"Real 375","c","c-arc-inside","__dup_KY4G8M_1","KY4G8M","WWZRCW",3,24.9805619007689,25,NA,"duplicate-individual-individual"
"Real 375","c","c-arc-inside","__dup_9C6NW8_3","9C6NW8","JB7EW2",1,19.4742253393752,25,NA,"duplicate-individual-individual"
"Real 375","c","c-arc-inside","__dup_9C6NW8_3","9C6NW8","D1WP48",1,21.5641422110562,25,NA,"duplicate-individual-individual"
"Real 375","c","c-arc-inside","__dup_9C6NW8_3","9C6NW8","9YJWKX",2,19.3119335635892,25,NA,"duplicate-individual-individual"
"Real 375","c","c-arc-inside","__dup_9C6NW8_3","9C6NW8","J33BE0",2,11.6019768338748,25,NA,"duplicate-individual-individual"
"Real 375","c","c-arc-inside","__dup_9C6NW8_3","9C6NW8","__dup_CMJQGU_1",1,21.7685333940884,25,NA,"duplicate-individual-duplicate"
"Real 375","c","c-arc-inside","__dup_9C6NW8_3","9C6NW8","__dup_6MGJYG_1",3,3.33831580690959,25,NA,"duplicate-individual-duplicate"
"Real 375","c","c-arc-inside","L07M06","__dup_L07M06_2","DKMJ2Z",2,22.718026129419,25,NA,"individual-duplicate-individual"
"Real 375","c","c-arc-inside","L07M06","__dup_L07M06_2","GBGWZD",2,5.37616980565228,25,NA,"individual-duplicate-individual"
"Real 375","c","c-arc-inside","L07M06","__dup_L07M06_2","270UK6",2,22.3189065539974,25,NA,"individual-duplicate-individual"
"Real 375","c","c-arc-inside","L07M06","__dup_L07M06_2","WIBIVP",2,13.4062308509651,25,NA,"individual-duplicate-individual"
"Real 375","c","c-arc-inside","L07M06","__dup_L07M06_2","__dup_4U7JTW_1",2,11.4524469949035,25,NA,"individual-duplicate-duplicate"
"Real 375","c","c-arc-inside","L07M06","__dup_L07M06_2","__dup_WIBIVP_1",3,12.1159687902459,25,NA,"individual-duplicate-duplicate"
"Real 375","c","c-arc-inside","L07M06","__dup_L07M06_2","__union_106",2,3.80241558931169,6,NA,"individual-duplicate-union"
"Real 375","c","c-arc-inside","__dup_B2U6J7_1","B2U6J7","D8FYZV",0,23.1822656380285,25,NA,"duplicate-individual-individual"
"Real 375","c","c-arc-inside","__dup_B2U6J7_1","B2U6J7","UTU9S7",0,24.9924278332537,25,NA,"duplicate-individual-individual"
"Real 375","c","c-arc-inside","__dup_B2U6J7_1","B2U6J7","D1WP48",1,0.76811159367286,25,NA,"duplicate-individual-individual"
"Real 375","c","c-arc-inside","__dup_B2U6J7_1","B2U6J7","5LXR2A",3,17.630071192848,25,NA,"duplicate-individual-individual"
"Real 375","c","c-arc-inside","__dup_B2U6J7_1","B2U6J7","__dup_0L5AWR_1",2,14.3348181546762,25,NA,"duplicate-individual-duplicate"
"Real 375","c","c-arc-inside","__dup_B2U6J7_1","B2U6J7","__dup_H16EC4_1",3,22.7921503897509,25,NA,"duplicate-individual-duplicate"
"Real 375","c","c-arc-inside","__dup_B2U6J7_1","B2U6J7","__union_43",0,1.49563694361326,6,NA,"duplicate-individual-union"
"Real 375","c","c-arc-inside","270UK6","__dup_270UK6_1","GBGWZD",2,10.8076194578856,25,NA,"individual-duplicate-individual"
"Real 375","c","c-arc-inside","270UK6","__dup_270UK6_1","B6IDBA",2,8.00670076755494,25,NA,"individual-duplicate-individual"
"Real 375","c","c-arc-inside","270UK6","__dup_270UK6_1","4U7JTW",2,0.976729102416244,25,NA,"individual-duplicate-individual"
"Real 375","c","c-arc-inside","270UK6","__dup_270UK6_1","K9TMQP",3,5.56575778329958,25,NA,"individual-duplicate-individual"
"Real 375","c","c-arc-inside","270UK6","__dup_270UK6_1","__dup_4U7JTW_1",2,7.96274136580433,25,NA,"individual-duplicate-duplicate"
"Real 375","c","c-arc-inside","270UK6","__dup_270UK6_1","__dup_0ZISJ0_1",2,16.6520203459059,25,NA,"individual-duplicate-duplicate"
"Real 375","c","c-arc-inside","9JC6RF","__dup_9JC6RF_1","8P17E3",1,17.5179569653026,25,NA,"individual-duplicate-individual"
"Real 375","c","c-arc-inside","9JC6RF","__dup_9JC6RF_1","S0022Z",1,14.3259325989797,25,NA,"individual-duplicate-individual"
"Real 375","c","c-arc-inside","9JC6RF","__dup_9JC6RF_1","Q7F87W",1,24.5976053999167,25,NA,"individual-duplicate-individual"
"Real 375","c","c-arc-inside","9JC6RF","__dup_9JC6RF_1","RYP77M",1,19.7912573275885,25,NA,"individual-duplicate-individual"
"Real 375","c","c-arc-inside","9JC6RF","__dup_9JC6RF_1","3CLMPL",1,9.34861548322423,25,NA,"individual-duplicate-individual"
"Real 375","c","c-arc-inside","9JC6RF","__dup_9JC6RF_1","8LKBV9",1,12.6461555980674,25,NA,"individual-duplicate-individual"
"Real 375","c","c-arc-inside","9JC6RF","__dup_9JC6RF_1","DKMJ2Z",2,7.18582805802623,25,NA,"individual-duplicate-individual"
"Real 375","c","c-arc-inside","9JC6RF","__dup_9JC6RF_1","YHJ240",2,22.7438793127588,25,NA,"individual-duplicate-individual"
"Real 375","c","c-arc-inside","9JC6RF","__dup_9JC6RF_1","WIBIVP",2,14.8601983614543,25,NA,"individual-duplicate-individual"
"Real 375","c","c-arc-inside","9JC6RF","__dup_9JC6RF_1","5LXR2A",3,23.945735307268,25,NA,"individual-duplicate-individual"
"Real 375","c","c-arc-inside","9JC6RF","__dup_9JC6RF_1","1TGPDW",4,1.5512778860703,25,NA,"individual-duplicate-individual"
"Real 375","c","c-arc-inside","9JC6RF","__dup_9JC6RF_1","__dup_G8EBU9_1",1,9.93851065962981,25,NA,"individual-duplicate-duplicate"
"Real 375","c","c-arc-inside","9JC6RF","__dup_9JC6RF_1","__dup_MY1AEU_4",1,10.8278622193737,25,NA,"individual-duplicate-duplicate"
"Real 375","c","c-arc-inside","9JC6RF","__dup_9JC6RF_1","__dup_WDBGPF_3",2,2.26180458610558,25,NA,"individual-duplicate-duplicate"
"Real 375","c","c-arc-inside","9JC6RF","__dup_9JC6RF_1","__dup_SLN0TF_3",3,13.7309541559176,25,NA,"individual-duplicate-duplicate"
"Real 375","c","c-arc-inside","__dup_T6UQVX_1","T6UQVX","EZ97J5",0,13.8289464728112,25,NA,"duplicate-individual-individual"
"Real 375","c","c-arc-inside","__dup_T6UQVX_1","T6UQVX","1X40V5",0,9.03914400480082,25,NA,"duplicate-individual-individual"
"Real 375","c","c-arc-inside","__dup_T6UQVX_1","T6UQVX","Q7F87W",1,18.7721003544287,25,NA,"duplicate-individual-individual"
"Real 375","c","c-arc-inside","__dup_T6UQVX_1","T6UQVX","P2VQJR",1,11.8186052934294,25,NA,"duplicate-individual-individual"
"Real 375","c","c-arc-inside","__dup_T6UQVX_1","T6UQVX","DMI0QY",2,5.77247829677003,25,NA,"duplicate-individual-individual"
"Real 375","c","c-arc-inside","__dup_T6UQVX_1","T6UQVX","__dup_4U7JTW_2",3,21.7603021327005,25,NA,"duplicate-individual-duplicate"
"Real 375","c","c-arc-inside","__dup_T6UQVX_1","T6UQVX","__dup_CMJQGU_2",3,8.54444528130519,25,NA,"duplicate-individual-duplicate"
"Real 375","c","c-arc-inside","__dup_T6UQVX_1","T6UQVX","__dup_L07M06_2",4,16.3059300314075,25,NA,"duplicate-individual-duplicate"
"Real 375","c","c-arc-inside","SPHGC9","__dup_SPHGC9_1","PHCADH",4,0.131750915658673,25,NA,"individual-duplicate-individual"
"Real 375","c","c-arc-inside","SPHGC9","__dup_SPHGC9_1","__dup_1Y8P15_2",3,24.8184146444272,25,NA,"individual-duplicate-duplicate"
"Real 375","c","c-arc-inside","__dup_8GSXTQ_1","8GSXTQ","BT0V1U",3,18.9470984691953,25,NA,"duplicate-individual-individual"
"Real 375","c","c-arc-inside","__dup_8GSXTQ_1","8GSXTQ","LLYLLX",3,24.9757176677849,25,NA,"duplicate-individual-individual"
"Real 375","c","c-arc-inside","__dup_8GSXTQ_1","8GSXTQ","0P4BCQ",3,23.2805083266527,25,NA,"duplicate-individual-individual"
"Real 375","c","c-arc-inside","__dup_8GSXTQ_1","8GSXTQ","J4ZDIU",4,7.37214631037472,25,NA,"duplicate-individual-individual"
"Real 375","c","c-arc-inside","__dup_8GSXTQ_1","8GSXTQ","ED5PDV",4,24.9412773435296,25,NA,"duplicate-individual-individual"
"Real 375","c","c-arc-inside","__dup_8GSXTQ_1","8GSXTQ","__dup_H16EC4_1",3,18.4530579332267,25,NA,"duplicate-individual-duplicate"
"Real 375","c","c-arc-inside","__dup_7WQYLL_1","7WQYLL","62PLX3",4,12.7389289661468,25,NA,"duplicate-individual-individual"
"Real 375","c","c-arc-inside","__dup_7WQYLL_1","7WQYLL","__dup_2FPL16_1",4,18.3779942742399,25,NA,"duplicate-individual-duplicate"
"Real 375","c","c-arc-inside","__dup_7WQYLL_1","7WQYLL","__union_179",4,2.09209636769472,6,NA,"duplicate-individual-union"
"Real 375","c","c-arc-inside","FIL6AB","__dup_FIL6AB_1","45YQV5",3,18.8546884992107,25,NA,"individual-duplicate-individual"
"Real 375","c","c-arc-inside","FIL6AB","__dup_FIL6AB_1","__dup_M5DJVP_1",3,10.5435019251295,25,NA,"individual-duplicate-duplicate"
"Real 375","c","c-arc-inside","__dup_FIL6AB_2","FIL6AB","KCBMY9",2,14.6382385535462,25,NA,"duplicate-individual-individual"
"Real 375","c","c-arc-inside","__dup_FIL6AB_2","FIL6AB","4U7JTW",2,11.4470641180197,25,NA,"duplicate-individual-individual"
"Real 375","c","c-arc-inside","__dup_FIL6AB_2","FIL6AB","HWQS19",3,6.4865043736311,25,NA,"duplicate-individual-individual"
"Real 375","c","c-arc-inside","__dup_FIL6AB_2","FIL6AB","P49ZD1",3,14.8992284706536,25,NA,"duplicate-individual-individual"
"Real 375","c","c-arc-inside","__dup_FIL6AB_2","FIL6AB","F3QIL7",4,23.9981422410712,25,NA,"duplicate-individual-individual"
"Real 375","c","c-arc-inside","HWQS19","__dup_HWQS19_1","Q82XRQ",3,15.3895782972031,25,NA,"individual-duplicate-individual"
"Real 375","c","c-arc-inside","HWQS19","__dup_HWQS19_1","K9TMQP",3,18.1022622651118,25,NA,"individual-duplicate-individual"
"Real 375","c","c-arc-inside","HWQS19","__dup_HWQS19_1","SXWVRI",3,22.819945847988,25,NA,"individual-duplicate-individual"
"Real 375","c","c-arc-inside","HWQS19","__dup_HWQS19_1","F3QIL7",4,9.54607587710793,25,NA,"individual-duplicate-individual"
"Real 375","c","c-arc-inside","HWQS19","__dup_HWQS19_1","__dup_4U7JTW_2",3,0.576112582952816,25,NA,"individual-duplicate-duplicate"
"Real 375","c","c-arc-inside","__dup_FIL6AB_3","FIL6AB","NPYENA",0,6.31004361176761,25,NA,"duplicate-individual-individual"
"Real 375","c","c-arc-inside","__dup_FIL6AB_3","FIL6AB","IP1TGT",0,5.85580528959965,25,NA,"duplicate-individual-individual"
"Real 375","c","c-arc-inside","__dup_FIL6AB_3","FIL6AB","LWV138",0,14.5323071470485,25,NA,"duplicate-individual-individual"
"Real 375","c","c-arc-inside","__dup_FIL6AB_3","FIL6AB","R4V1JU",1,2.59799321374984,25,NA,"duplicate-individual-individual"
"Real 375","c","c-arc-inside","__dup_FIL6AB_3","FIL6AB","DMI0QY",2,14.5628508427812,25,NA,"duplicate-individual-individual"
"Real 375","c","c-arc-inside","__dup_FIL6AB_3","FIL6AB","P49ZD1",3,0.0337844049736502,25,NA,"duplicate-individual-individual"
"Real 375","c","c-arc-inside","__dup_FIL6AB_3","FIL6AB","SPHGC9",4,18.3978160189803,25,NA,"duplicate-individual-individual"
"Real 375","c","c-arc-inside","__dup_FIL6AB_3","FIL6AB","__dup_7NBKWE_1",0,14.5088787347437,25,NA,"duplicate-individual-duplicate"
"Real 375","c","c-arc-inside","__dup_FIL6AB_3","FIL6AB","__dup_G8EBU9_1",1,23.7865249165465,25,NA,"duplicate-individual-duplicate"
"Real 375","c","c-arc-inside","__dup_YJXSIZ_1","YJXSIZ","4WWCPB",1,23.5745933230966,25,NA,"duplicate-individual-individual"
"Real 375","c","c-arc-inside","__dup_YJXSIZ_1","YJXSIZ","SLN0TF",1,3.59099262558934,25,NA,"duplicate-individual-individual"
"Real 375","c","c-arc-inside","__dup_YJXSIZ_1","YJXSIZ","1W4GNT",1,12.983313952105,25,NA,"duplicate-individual-individual"
"Real 375","c","c-arc-inside","__dup_YJXSIZ_1","YJXSIZ","X6TGUV",1,10.4286844369255,25,NA,"duplicate-individual-individual"
"Real 375","c","c-arc-inside","__dup_YJXSIZ_1","YJXSIZ","VRSDUM",1,0.412275320420614,25,NA,"duplicate-individual-individual"
"Real 375","c","c-arc-inside","__dup_YJXSIZ_1","YJXSIZ","8FLD1J",2,18.0129785749904,25,NA,"duplicate-individual-individual"
"Real 375","c","c-arc-inside","__dup_YJXSIZ_1","YJXSIZ","__dup_D8FYZV_1",1,14.0866739983058,25,NA,"duplicate-individual-duplicate"
"Real 375","c","c-arc-inside","__dup_YJXSIZ_1","YJXSIZ","__dup_CMJQGU_1",1,22.0600936117107,25,NA,"duplicate-individual-duplicate"
"Real 375","c","c-arc-inside","__dup_YJXSIZ_1","YJXSIZ","__dup_SLN0TF_2",1,20.0094386117759,25,NA,"duplicate-individual-duplicate"
"Real 375","c","c-arc-inside","__dup_YJXSIZ_1","YJXSIZ","__dup_CAN12C_1",2,8.34793976369769,25,NA,"duplicate-individual-duplicate"
"Real 375","c","c-arc-inside","__dup_YJXSIZ_1","YJXSIZ","__dup_9C6NW8_2",3,8.13941765930462,25,NA,"duplicate-individual-duplicate"
"Real 375","c","c-arc-inside","__dup_YJXSIZ_1","YJXSIZ","__union_120",2,5.02932578877681,6,NA,"duplicate-individual-union"
"Real 375","c","c-arc-inside","__dup_ED5PDV_2","ED5PDV","7KWRZK",2,2.76385341413076,25,NA,"duplicate-individual-individual"
"Real 375","c","c-arc-inside","__dup_ED5PDV_2","ED5PDV","SQ908D",2,20.8349487526154,25,NA,"duplicate-individual-individual"
"Real 375","c","c-arc-inside","__dup_ED5PDV_2","ED5PDV","KCBMY9",2,19.3384155741771,25,NA,"duplicate-individual-individual"
"Real 375","c","c-arc-inside","__dup_ED5PDV_2","ED5PDV","31UG06",2,23.9826875098659,25,NA,"duplicate-individual-individual"
"Real 375","c","c-arc-inside","__dup_ED5PDV_2","ED5PDV","4F3ASD",2,20.5977660941972,25,NA,"duplicate-individual-individual"
"Real 375","c","c-arc-inside","__dup_ED5PDV_2","ED5PDV","DMI0QY",2,1.46384544515327,25,NA,"duplicate-individual-individual"
"Real 375","c","c-arc-inside","__dup_ED5PDV_2","ED5PDV","GA204Z",3,7.58003440372847,25,NA,"duplicate-individual-individual"
"Real 375","c","c-arc-inside","__dup_ED5PDV_2","ED5PDV","5LLJMI",3,23.2843956881296,25,NA,"duplicate-individual-individual"
"Real 375","c","c-arc-inside","__dup_ED5PDV_2","ED5PDV","30YDZU",3,12.3544961800969,25,NA,"duplicate-individual-individual"
"Real 375","c","c-arc-inside","__dup_ED5PDV_2","ED5PDV","__dup_WIBIVP_1",3,21.5650115225304,25,NA,"duplicate-individual-duplicate"
"Real 375","c","c-arc-inside","__dup_ED5PDV_2","ED5PDV","__dup_LUPGF8_2",4,5.92313583128171,25,NA,"duplicate-individual-duplicate"
"Real 375","c","c-arc-inside","F5M8IL","__dup_F5M8IL_1","__dup_1Y8P15_1",3,16.7685158859901,25,NA,"individual-duplicate-duplicate"
"Real 375","c","c-arc-inside","F5M8IL","__dup_F5M8IL_1","__dup_ELGVC6_1",4,2.09243417086652,25,NA,"individual-duplicate-duplicate"
"Real 375","c","c-arc-inside","__dup_LLYLLX_1","LLYLLX","30YDZU",3,4.94483997137101,25,NA,"duplicate-individual-individual"
"Real 375","c","c-arc-inside","__dup_LLYLLX_1","LLYLLX","__dup_772Q3D_1",4,0.266011720817308,25,NA,"duplicate-individual-duplicate"
"Real 375","c","c-arc-inside","__dup_0P4BCQ_1","0P4BCQ","2FPL16",3,20.9354990794533,25,NA,"duplicate-individual-individual"
"Real 375","c","c-arc-inside","__dup_0P4BCQ_1","0P4BCQ","E06FRB",4,6.03966950412794,25,NA,"duplicate-individual-individual"
"Real 375","c","c-arc-inside","__dup_A7YLIQ_1","A7YLIQ","B2U6J7",4,12.5994722848804,25,NA,"duplicate-individual-individual"
"Real 375","c","c-arc-inside","__dup_4DMIW1_1","4DMIW1","62PLX3",4,14.4902047722722,25,NA,"duplicate-individual-individual"
"Real 375","c","c-arc-inside","__dup_4DMIW1_1","4DMIW1","3C6G7Y",4,0.823909865562105,25,NA,"duplicate-individual-individual"
"Real 375","c","c-arc-inside","__dup_Q82XRQ_1","Q82XRQ","HWQS19",3,23.6115433763907,25,NA,"duplicate-individual-individual"
"Real 375","c","c-arc-inside","__dup_Q82XRQ_1","Q82XRQ","__dup_6PQJV5_1",4,3.7507278350115,25,NA,"duplicate-individual-duplicate"
"Real 375","c","c-arc-inside","__dup_81MJXH_2","81MJXH","H16XSK",3,17.0133839105729,25,NA,"duplicate-individual-individual"
"Real 375","c","c-arc-inside","__dup_81MJXH_2","81MJXH","BB0JP9",3,13.8438108519775,25,NA,"duplicate-individual-individual"
"Real 375","c","c-arc-inside","__dup_81MJXH_2","81MJXH","__dup_Q00PB1_1",3,7.5157410712157,25,NA,"duplicate-individual-duplicate"
"Real 375","c","c-arc-inside","__dup_81MJXH_2","81MJXH","__union_173",4,0.695314806845389,6,NA,"duplicate-individual-union"
"Real 375","c","c-arc-inside","__dup_IQLWH8_1","IQLWH8","__dup_DKMJ2Z_1",4,21.4569042977314,25,NA,"duplicate-individual-duplicate"
"Real 375","c","c-arc-inside","EKP7IN","__dup_EKP7IN_1","5LXR2A",3,0.192226303234503,25,NA,"individual-duplicate-individual"
"Real 375","c","c-arc-inside","EKP7IN","__dup_EKP7IN_1","73Z6NI",3,12.779248420718,25,NA,"individual-duplicate-individual"
"Real 375","c","c-arc-inside","EKP7IN","__dup_EKP7IN_1","HJLX2B",4,6.83745741528869,25,NA,"individual-duplicate-individual"
"Real 375","c","c-arc-inside","EKP7IN","__dup_EKP7IN_1","__dup_SLN0TF_3",3,3.95162118067099,25,NA,"individual-duplicate-duplicate"
"Real 375","c","c-arc-inside","EKP7IN","__dup_EKP7IN_1","__union_217",5,0.801235499514168,6,NA,"individual-duplicate-union"
"Real 375","c","c-arc-inside","__dup_5LLJMI_1","5LLJMI","30YDZU",3,19.3834836439065,25,NA,"duplicate-individual-individual"
"Real 375","c","c-arc-inside","__dup_5LLJMI_1","5LLJMI","NKNRU0",5,0.41461769050036,25,NA,"duplicate-individual-individual"
"Real 375","c","c-arc-inside","__dup_5LLJMI_1","5LLJMI","__union_186",4,4.54173227870177,6,NA,"duplicate-individual-union"
"Real 375","c","c-arc-inside","7VEH10","__dup_7VEH10_1","FJIB3R",2,8.82257937149474,25,NA,"individual-duplicate-individual"
"Real 375","c","c-arc-inside","7VEH10","__dup_7VEH10_1","CKFA4F",2,6.11576358280605,25,NA,"individual-duplicate-individual"
"Real 375","c","c-arc-inside","7VEH10","__dup_7VEH10_1","MNJU8T",2,22.2485921143502,25,NA,"individual-duplicate-individual"
"Real 375","c","c-arc-inside","7VEH10","__dup_7VEH10_1","SPHGC9",4,0.769813920803407,25,NA,"individual-duplicate-individual"
"Real 375","c","c-arc-inside","7VEH10","__dup_7VEH10_1","9LZVTE",4,21.0209669532957,25,NA,"individual-duplicate-individual"
"Real 375","c","c-arc-inside","7VEH10","__dup_7VEH10_1","23T5N2",5,19.3826161487658,25,NA,"individual-duplicate-individual"
"Real 375","c","c-arc-inside","7VEH10","__dup_7VEH10_1","T6UQVX",5,24.78377502624,25,NA,"individual-duplicate-individual"
"Real 375","c","c-arc-inside","7VEH10","__dup_7VEH10_1","__dup_9C6NW8_1",2,7.13826666116439,25,NA,"individual-duplicate-duplicate"
"Real 375","c","c-arc-inside","7VEH10","__dup_7VEH10_1","__dup_Q7F87W_1",2,19.1159194593621,25,NA,"individual-duplicate-duplicate"
"Real 375","c","c-arc-inside","7VEH10","__dup_7VEH10_1","__dup_0ZISJ0_1",2,16.1033018569719,25,NA,"individual-duplicate-duplicate"
"Real 375","c","c-arc-inside","7VEH10","__dup_7VEH10_1","__dup_8LKBV9_1",2,2.92805916508819,25,NA,"individual-duplicate-duplicate"
"Real 375","c","c-arc-inside","7VEH10","__dup_7VEH10_1","__dup_WDBGPF_3",2,17.5284181155054,25,NA,"individual-duplicate-duplicate"
"Real 375","c","c-arc-inside","7VEH10","__dup_7VEH10_1","__dup_79RXRZ_1",3,0.455604672868214,25,NA,"individual-duplicate-duplicate"
"Real 375","c","c-arc-inside","7VEH10","__dup_7VEH10_1","__dup_KCBMY9_2",3,19.4999617488373,25,NA,"individual-duplicate-duplicate"
"Real 375","c","c-arc-inside","7VEH10","__dup_7VEH10_1","__dup_J33BE0_1",4,15.5623961893431,25,NA,"individual-duplicate-duplicate"
"Real 375","c","c-arc-inside","7VEH10","__dup_7VEH10_1","__union_125",2,3.12737815988743,6,NA,"individual-duplicate-union"
"Real 375","c","c-arc-inside","7VEH10","__dup_7VEH10_1","__union_186",4,2.96581589595522,6,NA,"individual-duplicate-union"
"Real 375","c","c-arc-inside","7WQYLL","__dup_7WQYLL_2","5LG839",4,17.8816870630943,25,NA,"individual-duplicate-individual"
"Real 375","c","c-arc-inside","7WQYLL","__dup_7WQYLL_3","8THU85",3,13.6142701646176,25,NA,"individual-duplicate-individual"
"Real 375","c","c-arc-inside","7WQYLL","__dup_7WQYLL_3","5LXR2A",3,15.0254579018995,25,NA,"individual-duplicate-individual"
"Real 375","c","c-arc-inside","7WQYLL","__dup_7WQYLL_3","73Z6NI",3,22.5539407785904,25,NA,"individual-duplicate-individual"
"Real 375","c","c-arc-inside","7WQYLL","__dup_7WQYLL_3","SXWVRI",3,1.70024411448033,25,NA,"individual-duplicate-individual"
"Real 375","c","c-arc-inside","7WQYLL","__dup_7WQYLL_3","HJLX2B",4,22.1875417016043,25,NA,"individual-duplicate-individual"
"Real 375","c","c-arc-inside","7WQYLL","__dup_7WQYLL_3","YI7MWL",4,13.7710717660953,25,NA,"individual-duplicate-individual"
"Real 375","c","c-arc-inside","7WQYLL","__dup_7WQYLL_3","97D38B",5,19.7703720380435,25,NA,"individual-duplicate-individual"
"Real 375","c","c-arc-inside","7WQYLL","__dup_7WQYLL_3","__dup_4U7JTW_2",3,18.9819829133003,25,NA,"individual-duplicate-duplicate"
"Real 375","c","c-arc-inside","7WQYLL","__dup_7WQYLL_3","__dup_SLN0TF_3",3,2.2928523849076,25,NA,"individual-duplicate-duplicate"
"Real 375","c","c-arc-inside","7WQYLL","__dup_7WQYLL_3","__union_217",5,4.01608187072706,6,NA,"individual-duplicate-union"
"Real 375","c","c-arc-inside","__dup_EFZPSL_1","EFZPSL","YJXSIZ",3,15.2846788909575,25,NA,"duplicate-individual-individual"
"Real 375","c","c-arc-inside","__dup_EFZPSL_1","EFZPSL","5LLJMI",3,14.7279689796471,25,NA,"duplicate-individual-individual"
"Real 375","c","c-arc-inside","__dup_EFZPSL_1","EFZPSL","M5DJVP",3,8.86016976293181,25,NA,"duplicate-individual-individual"
"Real 375","c","c-arc-inside","__dup_EFZPSL_1","EFZPSL","9LZVTE",4,13.2349734962823,25,NA,"duplicate-individual-individual"
"Real 375","c","c-arc-inside","__dup_EFZPSL_1","EFZPSL","VTZFWZ",5,24.3310485923908,25,NA,"duplicate-individual-individual"
"Real 375","c","c-arc-inside","__dup_EFZPSL_1","EFZPSL","__dup_772Q3D_1",4,20.2821578093397,25,NA,"duplicate-individual-duplicate"
"Real 375","c","c-arc-inside","__dup_EFZPSL_1","EFZPSL","__dup_LLYLLX_1",5,15.7929180805579,25,NA,"duplicate-individual-duplicate"
"Real 375","c","c-arc-inside","__dup_EFZPSL_1","EFZPSL","__union_211",5,4.09150037520389,6,NA,"duplicate-individual-union"
"Real 375","c","c-arc-inside","5LXR2A","__dup_5LXR2A_1","__dup_SLN0TF_3",3,15.9591175644406,25,NA,"individual-duplicate-duplicate"
"Real 375","c","c-arc-inside","5LXR2A","__dup_5LXR2A_1","__dup_9C6NW8_3",4,3.5466310489709,25,NA,"individual-duplicate-duplicate"
"Real 375","c","c-arc-inside","5LXR2A","__dup_5LXR2A_1","__dup_9JC6RF_1",5,23.9103883003888,25,NA,"individual-duplicate-duplicate"
"Real 375","c","c-arc-inside","__dup_8GSXTQ_2","8GSXTQ","D0CW4E",2,6.66619529573249,25,NA,"duplicate-individual-individual"
"Real 375","c","c-arc-inside","__dup_8GSXTQ_2","8GSXTQ","LUPGF8",2,7.38751800046022,25,NA,"duplicate-individual-individual"
"Real 375","c","c-arc-inside","__dup_8GSXTQ_2","8GSXTQ","PWY8IQ",3,15.4773087325462,25,NA,"duplicate-individual-individual"
"Real 375","c","c-arc-inside","__dup_8GSXTQ_2","8GSXTQ","F3QIL7",4,7.03400495503477,25,NA,"duplicate-individual-individual"
"Real 375","c","c-arc-inside","__dup_8GSXTQ_2","8GSXTQ","__dup_7U5NJD_1",2,11.3714105202485,25,NA,"duplicate-individual-duplicate"
"Real 375","c","c-arc-inside","__dup_8GSXTQ_2","8GSXTQ","__dup_0L5AWR_1",2,12.5677535069036,25,NA,"duplicate-individual-duplicate"
"Real 375","c","c-arc-inside","__dup_8GSXTQ_2","8GSXTQ","__dup_CAN12C_1",2,23.0394212962597,25,NA,"duplicate-individual-duplicate"
"Real 375","c","c-arc-inside","__dup_8GSXTQ_2","8GSXTQ","__dup_K9TMQP_1",3,6.27498666523001,25,NA,"duplicate-individual-duplicate"
"Real 375","c","c-arc-inside","__dup_8GSXTQ_2","8GSXTQ","__dup_1Y8P15_1",3,12.3389203602187,25,NA,"duplicate-individual-duplicate"
"Real 375","c","c-arc-inside","__dup_8GSXTQ_2","8GSXTQ","__dup_SPHGC9_1",5,22.6433568156216,25,NA,"duplicate-individual-duplicate"
"Real 375","c","c-arc-inside","__dup_8GSXTQ_2","8GSXTQ","__union_105",2,2.14732961767552,6,NA,"duplicate-individual-union"
"Real 375","c","c-arc-inside","__dup_8GSXTQ_2","8GSXTQ","__union_117",2,2.314445791737,6,NA,"duplicate-individual-union"
"Real 375","c","c-arc-inside","__dup_8GSXTQ_2","8GSXTQ","__union_158",3,1.74254841191755,6,NA,"duplicate-individual-union"
"Real 375","c","c-arc-inside","8NQX52","__dup_8NQX52_1","QQ24T8",4,0.00102505135934166,25,NA,"individual-duplicate-individual"
"Real 375","c","c-arc-inside","8NQX52","__dup_8NQX52_1","1TGPDW",4,20.5624809971827,25,NA,"individual-duplicate-individual"
"Real 375","c","c-arc-inside","8NQX52","__dup_8NQX52_1","NKNRU0",5,11.2024089781884,25,NA,"individual-duplicate-individual"
"Real 375","c","c-arc-inside","8NQX52","__dup_8NQX52_1","__dup_JE4WD7_1",4,6.60164809468516,25,NA,"individual-duplicate-duplicate"
"Real 375","c","c-arc-inside","8NQX52","__dup_8NQX52_1","__union_170",4,2.42741796544663,6,NA,"individual-duplicate-union"
"Real 375","c","c-arc-inside","BB0JP9","__dup_BB0JP9_1","81MJXH",3,16.5338777696683,25,NA,"individual-duplicate-individual"
"Real 375","c","c-arc-inside","BB0JP9","__dup_BB0JP9_1","6WG3MZ",3,8.28252141355554,25,NA,"individual-duplicate-individual"
"Real 375","c","c-arc-inside","BB0JP9","__dup_BB0JP9_1","FWL00Q",5,9.00267965234719,25,NA,"individual-duplicate-individual"
"Real 375","c","c-arc-inside","BB0JP9","__dup_BB0JP9_1","__dup_7U5NJD_2",3,12.5385923541745,25,NA,"individual-duplicate-duplicate"
"Real 375","c","c-arc-inside","BB0JP9","__dup_BB0JP9_1","__union_141",3,2.60919471909224,6,NA,"individual-duplicate-union"
"Real 375","c","c-arc-inside","9PDPW7","__dup_9PDPW7_1","__dup_270UK6_1",4,18.9356243832263,25,NA,"individual-duplicate-duplicate"
"Real 375","c","c-arc-inside","9PDPW7","__dup_9PDPW7_1","__dup_FIL6AB_1",5,14.7354899754515,25,NA,"individual-duplicate-duplicate"
"Real 375","c","c-arc-inside","__dup_RK53PX_1","RK53PX","JR9GXD",1,19.4470864152403,25,NA,"duplicate-individual-individual"
"Real 375","c","c-arc-inside","__dup_RK53PX_1","RK53PX","RYP77M",1,1.89969817553705,25,NA,"duplicate-individual-individual"
"Real 375","c","c-arc-inside","__dup_RK53PX_1","RK53PX","B6IDBA",2,9.98149586116441,25,NA,"duplicate-individual-individual"
"Real 375","c","c-arc-inside","__dup_RK53PX_1","RK53PX","DWFFZL",2,10.8558947792253,25,NA,"duplicate-individual-individual"
"Real 375","c","c-arc-inside","__dup_RK53PX_1","RK53PX","PWY8IQ",3,6.51952710496595,25,NA,"duplicate-individual-individual"
"Real 375","c","c-arc-inside","__dup_RK53PX_1","RK53PX","YY7782",5,15.4697591237064,25,NA,"duplicate-individual-individual"
"Real 375","c","c-arc-inside","__dup_RK53PX_1","RK53PX","__dup_RYP77M_2",1,19.8021753794745,25,NA,"duplicate-individual-duplicate"
"Real 375","c","c-arc-inside","__dup_RK53PX_1","RK53PX","__dup_1Y8P15_2",3,1.65422350145047,25,NA,"duplicate-individual-duplicate"
"Real 375","c","c-arc-inside","__dup_RK53PX_1","RK53PX","__union_78",1,1.14455830809585,6,NA,"duplicate-individual-union"
"Real 375","c","c-arc-inside","__dup_A7YLIQ_2","A7YLIQ","7KWRZK",2,5.26317287669253,25,NA,"duplicate-individual-individual"
"Real 375","c","c-arc-inside","__dup_A7YLIQ_2","A7YLIQ","SQ908D",2,11.3713580535032,25,NA,"duplicate-individual-individual"
"Real 375","c","c-arc-inside","__dup_A7YLIQ_2","A7YLIQ","31UG06",2,23.5920911909417,25,NA,"duplicate-individual-individual"
"Real 375","c","c-arc-inside","__dup_A7YLIQ_2","A7YLIQ","DKDP5B",2,12.1997262033617,25,NA,"duplicate-individual-individual"
"Real 375","c","c-arc-inside","__dup_A7YLIQ_2","A7YLIQ","6WG3MZ",3,12.1326613311024,25,NA,"duplicate-individual-individual"
"Real 375","c","c-arc-inside","__dup_A7YLIQ_2","A7YLIQ","__dup_BYWXJB_1",2,6.02265364274579,25,NA,"duplicate-individual-duplicate"
"Real 375","c","c-arc-inside","__dup_A7YLIQ_2","A7YLIQ","__dup_7U5NJD_2",3,19.792301314417,25,NA,"duplicate-individual-duplicate"
"Real 375","c","c-arc-inside","__dup_A7YLIQ_2","A7YLIQ","__dup_SLN0TF_3",3,1.19446113153753,25,NA,"duplicate-individual-duplicate"
"Real 375","c","c-arc-inside","__dup_A7YLIQ_2","A7YLIQ","__dup_HWQS19_1",5,3.56232398176098,25,NA,"duplicate-individual-duplicate"
"Real 375","c","c-arc-inside","__dup_A7YLIQ_2","A7YLIQ","__union_110",2,3.37010869685496,6,NA,"duplicate-individual-union"
"Real 375","c","c-arc-inside","__dup_A7YLIQ_2","A7YLIQ","__union_130",2,3.26877853270478,6,NA,"duplicate-individual-union"
"Real 375","c","c-arc-inside","__dup_A7YLIQ_2","A7YLIQ","__union_141",3,4.10710654985459,6,NA,"duplicate-individual-union"
"Real 375","c","c-arc-inside","J85R4L","__dup_J85R4L_1","A792ZU",4,4.88658796189175,25,NA,"individual-duplicate-individual"
"Real 375","c","c-arc-inside","J85R4L","__dup_J85R4L_1","F3QIL7",4,20.5585614968795,25,NA,"individual-duplicate-individual"
"Real 375","c","c-arc-inside","J85R4L","__dup_J85R4L_1","__dup_KY4G8M_1",4,9.33744948777098,25,NA,"individual-duplicate-duplicate"
"Real 375","c","c-arc-inside","J85R4L","__dup_J85R4L_1","__dup_270UK6_1",4,21.9598667649273,25,NA,"individual-duplicate-duplicate"
"Real 375","c","c-arc-inside","__dup_HH66K6_1","HH66K6","23T5N2",5,7.0518739669969,25,NA,"duplicate-individual-individual"
"Real 375","c","c-arc-inside","__dup_HH66K6_1","HH66K6","__dup_8GSXTQ_1",5,18.294408339358,25,NA,"duplicate-individual-duplicate"
"Real 375","c","c-arc-inside","__dup_HH66K6_1","HH66K6","__dup_5LXR2A_1",6,1.82939105752869,25,NA,"duplicate-individual-duplicate"
"Real 375","c","c-arc-inside","__dup_HH66K6_1","HH66K6","__union_201",5,4.84293873062973,6,NA,"duplicate-individual-union"
"Real 375","c","c-arc-inside","__dup_HH66K6_2","HH66K6","MQ0ZWN",5,11.0137113691524,25,NA,"duplicate-individual-individual"
"Real 375","c","c-arc-inside","__dup_HH66K6_2","HH66K6","__dup_0P4BCQ_1",5,5.62394027222397,25,NA,"duplicate-individual-duplicate"
"Real 375","c","c-arc-inside","__dup_HH66K6_2","HH66K6","__dup_7WQYLL_3",6,17.2965462510871,25,NA,"duplicate-individual-duplicate"
"Real 375","c","c-arc-inside","RK53PX","__dup_RK53PX_2","667KL7",4,24.7555148418503,25,NA,"individual-duplicate-individual"
"Real 375","c","c-arc-inside","RK53PX","__dup_RK53PX_2","VTZFWZ",5,9.42145531428854,25,NA,"individual-duplicate-individual"
"Real 375","c","c-arc-inside","RK53PX","__dup_RK53PX_2","__dup_M5DJVP_2",4,9.75593556483834,25,NA,"individual-duplicate-duplicate"
"Real 375","c","c-arc-inside","RK53PX","__dup_RK53PX_2","__dup_J33BE0_1",4,6.93548866465223,25,NA,"individual-duplicate-duplicate"
"Real 375","c","c-arc-inside","RK53PX","__dup_RK53PX_2","__dup_1TGPDW_1",5,17.9772514538746,25,NA,"individual-duplicate-duplicate"
"Real 375","c","c-arc-inside","RK53PX","__dup_RK53PX_2","__union_198",5,4.10960062932874,6,NA,"individual-duplicate-union"
"Real 375","d","adjacent","__dup_SLN0TF_2","SLN0TF","__union_90",1,119.9999999992,120,"self-duplicate",NA
